[1,["02eY1M4pRL6LbBPOI5SRVw@6c48a","1cB3l1sS9L+7nPJIqQuK/o@6c48a","1dvLv2w+ND4LoxlfcWtu4H@6c48a","26qQMkmeZIPL+ibSBhxEk0@6c48a","443oVSuS1IA5LD7X5RJfoH@6c48a","543vbwvSpPrbDGQz3DRc4c@6c48a","6aV199zMZL1KaJnaqMlKX/@6c48a","6ff3eAW/ZNJacsfODEfZP+@6c48a","79f/vA0eRKDqGX52q39SUz@6c48a","88WqraXhlCMLc2xzGdw32j@6c48a","98xVXISlVGeqK9rcUHqewD@6c48a","a9UJnUcx9LmIFOxgzcuPPe@6c48a","b1Dx3y2OtKtJwguyVPbTB4@6c48a","b4rWMC5N1CypRK/axhQAU1@6c48a","befXajm/9LNaHDiJ8YJUJm@6c48a","c5qR5E4lRBwJ8G5pnwtHG2@6c48a","ceDHkacINFiK3ZwFtCJ5Bs@6c48a","ceT3a2vPhI67d8ZOTESGTe@6c48a","d1WoGcHilBy5cssKe7g0YF@6c48a","e6n3xY3WlKuqG09dnURGfr@6c48a","f2Gg/zh69PWKI9ILgYKTBY@6c48a","fbvBZfCehNdKfi6kwo3qXa@6c48a"],["_textureSource"],["cc.SpriteFrame"],0,[[[{"name":"Sun_21","rect":{"x":8,"y":6,"width":66,"height":64},"offset":{"x":2,"y":1},"originalSize":{"width":78,"height":78},"rotated":false,"capInsets":[0,0,0,0],"vertices":{"rawPosition":[-33,-32,0,33,-32,0,-33,32,0,33,32,0],"indexes":[0,1,2,2,1,3],"uv":[8,72,74,72,8,8,74,8],"nuv":[0.10256410256410256,0.10256410256410256,0.9487179487179487,0.10256410256410256,0.10256410256410256,0.9230769230769231,0.9487179487179487,0.9230769230769231],"minPos":{"x":-33,"y":-32,"z":0},"maxPos":{"x":33,"y":32,"z":0}},"packable":true,"pixelsToUnit":100,"pivot":{"x":0.5,"y":0.5},"meshType":0}],[0],0,[0],[0],[0]],[[{"name":"Sun_22","rect":{"x":8,"y":6,"width":66,"height":65},"offset":{"x":2,"y":0.5},"originalSize":{"width":78,"height":78},"rotated":false,"capInsets":[0,0,0,0],"vertices":{"rawPosition":[-33,-32.5,0,33,-32.5,0,-33,32.5,0,33,32.5,0],"indexes":[0,1,2,2,1,3],"uv":[8,72,74,72,8,7,74,7],"nuv":[0.10256410256410256,0.08974358974358974,0.9487179487179487,0.08974358974358974,0.10256410256410256,0.9230769230769231,0.9487179487179487,0.9230769230769231],"minPos":{"x":-33,"y":-32.5,"z":0},"maxPos":{"x":33,"y":32.5,"z":0}},"packable":true,"pixelsToUnit":100,"pivot":{"x":0.5,"y":0.5},"meshType":0}],[0],0,[0],[0],[1]],[[{"name":"Sun_3","rect":{"x":5,"y":4,"width":69,"height":69},"offset":{"x":0.5,"y":0.5},"originalSize":{"width":78,"height":78},"rotated":false,"capInsets":[0,0,0,0],"vertices":{"rawPosition":[-34.5,-34.5,0,34.5,-34.5,0,-34.5,34.5,0,34.5,34.5,0],"indexes":[0,1,2,2,1,3],"uv":[5,74,74,74,5,5,74,5],"nuv":[0.0641025641025641,0.0641025641025641,0.9487179487179487,0.0641025641025641,0.0641025641025641,0.9487179487179487,0.9487179487179487,0.9487179487179487],"minPos":{"x":-34.5,"y":-34.5,"z":0},"maxPos":{"x":34.5,"y":34.5,"z":0}},"packable":true,"pixelsToUnit":100,"pivot":{"x":0.5,"y":0.5},"meshType":0}],[0],0,[0],[0],[2]],[[{"name":"Sun_10","rect":{"x":0,"y":1,"width":78,"height":74},"offset":{"x":0,"y":1},"originalSize":{"width":78,"height":78},"rotated":false,"capInsets":[0,0,0,0],"vertices":{"rawPosition":[-39,-37,0,39,-37,0,-39,37,0,39,37,0],"indexes":[0,1,2,2,1,3],"uv":[0,77,78,77,0,3,78,3],"nuv":[0,0.038461538461538464,1,0.038461538461538464,0,0.9871794871794872,1,0.9871794871794872],"minPos":{"x":-39,"y":-37,"z":0},"maxPos":{"x":39,"y":37,"z":0}},"packable":true,"pixelsToUnit":100,"pivot":{"x":0.5,"y":0.5},"meshType":0}],[0],0,[0],[0],[3]],[[{"name":"Sun_9","rect":{"x":1,"y":1,"width":77,"height":74},"offset":{"x":0.5,"y":1},"originalSize":{"width":78,"height":78},"rotated":false,"capInsets":[0,0,0,0],"vertices":{"rawPosition":[-38.5,-37,0,38.5,-37,0,-38.5,37,0,38.5,37,0],"indexes":[0,1,2,2,1,3],"uv":[1,77,78,77,1,3,78,3],"nuv":[0.01282051282051282,0.038461538461538464,1,0.038461538461538464,0.01282051282051282,0.9871794871794872,1,0.9871794871794872],"minPos":{"x":-38.5,"y":-37,"z":0},"maxPos":{"x":38.5,"y":37,"z":0}},"packable":true,"pixelsToUnit":100,"pivot":{"x":0.5,"y":0.5},"meshType":0}],[0],0,[0],[0],[4]],[[{"name":"Sun_7","rect":{"x":1,"y":1,"width":77,"height":74},"offset":{"x":0.5,"y":1},"originalSize":{"width":78,"height":78},"rotated":false,"capInsets":[0,0,0,0],"vertices":{"rawPosition":[-38.5,-37,0,38.5,-37,0,-38.5,37,0,38.5,37,0],"indexes":[0,1,2,2,1,3],"uv":[1,77,78,77,1,3,78,3],"nuv":[0.01282051282051282,0.038461538461538464,1,0.038461538461538464,0.01282051282051282,0.9871794871794872,1,0.9871794871794872],"minPos":{"x":-38.5,"y":-37,"z":0},"maxPos":{"x":38.5,"y":37,"z":0}},"packable":true,"pixelsToUnit":100,"pivot":{"x":0.5,"y":0.5},"meshType":0}],[0],0,[0],[0],[5]],[[{"name":"Sun_5","rect":{"x":2,"y":2,"width":74,"height":73},"offset":{"x":0,"y":0.5},"originalSize":{"width":78,"height":78},"rotated":false,"capInsets":[0,0,0,0],"vertices":{"rawPosition":[-37,-36.5,0,37,-36.5,0,-37,36.5,0,37,36.5,0],"indexes":[0,1,2,2,1,3],"uv":[2,76,76,76,2,3,76,3],"nuv":[0.02564102564102564,0.038461538461538464,0.9743589743589743,0.038461538461538464,0.02564102564102564,0.9743589743589743,0.9743589743589743,0.9743589743589743],"minPos":{"x":-37,"y":-36.5,"z":0},"maxPos":{"x":37,"y":36.5,"z":0}},"packable":true,"pixelsToUnit":100,"pivot":{"x":0.5,"y":0.5},"meshType":0}],[0],0,[0],[0],[6]],[[{"name":"Sun_2","rect":{"x":5,"y":5,"width":68,"height":68},"offset":{"x":0,"y":0},"originalSize":{"width":78,"height":78},"rotated":false,"capInsets":[0,0,0,0],"vertices":{"rawPosition":[-34,-34,0,34,-34,0,-34,34,0,34,34,0],"indexes":[0,1,2,2,1,3],"uv":[5,73,73,73,5,5,73,5],"nuv":[0.0641025641025641,0.0641025641025641,0.9358974358974359,0.0641025641025641,0.0641025641025641,0.9358974358974359,0.9358974358974359,0.9358974358974359],"minPos":{"x":-34,"y":-34,"z":0},"maxPos":{"x":34,"y":34,"z":0}},"packable":true,"pixelsToUnit":100,"pivot":{"x":0.5,"y":0.5},"meshType":0}],[0],0,[0],[0],[7]],[[{"name":"Sun_17","rect":{"x":5,"y":3,"width":69,"height":71},"offset":{"x":0.5,"y":0.5},"originalSize":{"width":78,"height":78},"rotated":false,"capInsets":[0,0,0,0],"vertices":{"rawPosition":[-34.5,-35.5,0,34.5,-35.5,0,-34.5,35.5,0,34.5,35.5,0],"indexes":[0,1,2,2,1,3],"uv":[5,75,74,75,5,4,74,4],"nuv":[0.0641025641025641,0.05128205128205128,0.9487179487179487,0.05128205128205128,0.0641025641025641,0.9615384615384616,0.9487179487179487,0.9615384615384616],"minPos":{"x":-34.5,"y":-35.5,"z":0},"maxPos":{"x":34.5,"y":35.5,"z":0}},"packable":true,"pixelsToUnit":100,"pivot":{"x":0.5,"y":0.5},"meshType":0}],[0],0,[0],[0],[8]],[[{"name":"Sun_12","rect":{"x":1,"y":1,"width":77,"height":76},"offset":{"x":0.5,"y":0},"originalSize":{"width":78,"height":78},"rotated":false,"capInsets":[0,0,0,0],"vertices":{"rawPosition":[-38.5,-38,0,38.5,-38,0,-38.5,38,0,38.5,38,0],"indexes":[0,1,2,2,1,3],"uv":[1,77,78,77,1,1,78,1],"nuv":[0.01282051282051282,0.01282051282051282,1,0.01282051282051282,0.01282051282051282,0.9871794871794872,1,0.9871794871794872],"minPos":{"x":-38.5,"y":-38,"z":0},"maxPos":{"x":38.5,"y":38,"z":0}},"packable":true,"pixelsToUnit":100,"pivot":{"x":0.5,"y":0.5},"meshType":0}],[0],0,[0],[0],[9]],[[{"name":"Sun_4","rect":{"x":4,"y":3,"width":71,"height":71},"offset":{"x":0.5,"y":0.5},"originalSize":{"width":78,"height":78},"rotated":false,"capInsets":[0,0,0,0],"vertices":{"rawPosition":[-35.5,-35.5,0,35.5,-35.5,0,-35.5,35.5,0,35.5,35.5,0],"indexes":[0,1,2,2,1,3],"uv":[4,75,75,75,4,4,75,4],"nuv":[0.05128205128205128,0.05128205128205128,0.9615384615384616,0.05128205128205128,0.05128205128205128,0.9615384615384616,0.9615384615384616,0.9615384615384616],"minPos":{"x":-35.5,"y":-35.5,"z":0},"maxPos":{"x":35.5,"y":35.5,"z":0}},"packable":true,"pixelsToUnit":100,"pivot":{"x":0.5,"y":0.5},"meshType":0}],[0],0,[0],[0],[10]],[[{"name":"Sun_20","rect":{"x":8,"y":6,"width":66,"height":65},"offset":{"x":2,"y":0.5},"originalSize":{"width":78,"height":78},"rotated":false,"capInsets":[0,0,0,0],"vertices":{"rawPosition":[-33,-32.5,0,33,-32.5,0,-33,32.5,0,33,32.5,0],"indexes":[0,1,2,2,1,3],"uv":[8,72,74,72,8,7,74,7],"nuv":[0.10256410256410256,0.08974358974358974,0.9487179487179487,0.08974358974358974,0.10256410256410256,0.9230769230769231,0.9487179487179487,0.9230769230769231],"minPos":{"x":-33,"y":-32.5,"z":0},"maxPos":{"x":33,"y":32.5,"z":0}},"packable":true,"pixelsToUnit":100,"pivot":{"x":0.5,"y":0.5},"meshType":0}],[0],0,[0],[0],[11]],[[{"name":"Sun_1","rect":{"x":7,"y":6,"width":66,"height":65},"offset":{"x":1,"y":0.5},"originalSize":{"width":78,"height":78},"rotated":false,"capInsets":[0,0,0,0],"vertices":{"rawPosition":[-33,-32.5,0,33,-32.5,0,-33,32.5,0,33,32.5,0],"indexes":[0,1,2,2,1,3],"uv":[7,72,73,72,7,7,73,7],"nuv":[0.08974358974358974,0.08974358974358974,0.9358974358974359,0.08974358974358974,0.08974358974358974,0.9230769230769231,0.9358974358974359,0.9230769230769231],"minPos":{"x":-33,"y":-32.5,"z":0},"maxPos":{"x":33,"y":32.5,"z":0}},"packable":true,"pixelsToUnit":100,"pivot":{"x":0.5,"y":0.5},"meshType":0}],[0],0,[0],[0],[12]],[[{"name":"Sun_15","rect":{"x":3,"y":1,"width":74,"height":75},"offset":{"x":1,"y":0.5},"originalSize":{"width":78,"height":78},"rotated":false,"capInsets":[0,0,0,0],"vertices":{"rawPosition":[-37,-37.5,0,37,-37.5,0,-37,37.5,0,37,37.5,0],"indexes":[0,1,2,2,1,3],"uv":[3,77,77,77,3,2,77,2],"nuv":[0.038461538461538464,0.02564102564102564,0.9871794871794872,0.02564102564102564,0.038461538461538464,0.9871794871794872,0.9871794871794872,0.9871794871794872],"minPos":{"x":-37,"y":-37.5,"z":0},"maxPos":{"x":37,"y":37.5,"z":0}},"packable":true,"pixelsToUnit":100,"pivot":{"x":0.5,"y":0.5},"meshType":0}],[0],0,[0],[0],[13]],[[{"name":"Sun_11","rect":{"x":1,"y":1,"width":77,"height":75},"offset":{"x":0.5,"y":0.5},"originalSize":{"width":78,"height":78},"rotated":false,"capInsets":[0,0,0,0],"vertices":{"rawPosition":[-38.5,-37.5,0,38.5,-37.5,0,-38.5,37.5,0,38.5,37.5,0],"indexes":[0,1,2,2,1,3],"uv":[1,77,78,77,1,2,78,2],"nuv":[0.01282051282051282,0.02564102564102564,1,0.02564102564102564,0.01282051282051282,0.9871794871794872,1,0.9871794871794872],"minPos":{"x":-38.5,"y":-37.5,"z":0},"maxPos":{"x":38.5,"y":37.5,"z":0}},"packable":true,"pixelsToUnit":100,"pivot":{"x":0.5,"y":0.5},"meshType":0}],[0],0,[0],[0],[14]],[[{"name":"Sun_6","rect":{"x":2,"y":2,"width":75,"height":73},"offset":{"x":0.5,"y":0.5},"originalSize":{"width":78,"height":78},"rotated":false,"capInsets":[0,0,0,0],"vertices":{"rawPosition":[-37.5,-36.5,0,37.5,-36.5,0,-37.5,36.5,0,37.5,36.5,0],"indexes":[0,1,2,2,1,3],"uv":[2,76,77,76,2,3,77,3],"nuv":[0.02564102564102564,0.038461538461538464,0.9871794871794872,0.038461538461538464,0.02564102564102564,0.9743589743589743,0.9871794871794872,0.9743589743589743],"minPos":{"x":-37.5,"y":-36.5,"z":0},"maxPos":{"x":37.5,"y":36.5,"z":0}},"packable":true,"pixelsToUnit":100,"pivot":{"x":0.5,"y":0.5},"meshType":0}],[0],0,[0],[0],[15]],[[{"name":"Sun_18","rect":{"x":5,"y":3,"width":69,"height":71},"offset":{"x":0.5,"y":0.5},"originalSize":{"width":78,"height":78},"rotated":false,"capInsets":[0,0,0,0],"vertices":{"rawPosition":[-34.5,-35.5,0,34.5,-35.5,0,-34.5,35.5,0,34.5,35.5,0],"indexes":[0,1,2,2,1,3],"uv":[5,75,74,75,5,4,74,4],"nuv":[0.0641025641025641,0.05128205128205128,0.9487179487179487,0.05128205128205128,0.0641025641025641,0.9615384615384616,0.9487179487179487,0.9615384615384616],"minPos":{"x":-34.5,"y":-35.5,"z":0},"maxPos":{"x":34.5,"y":35.5,"z":0}},"packable":true,"pixelsToUnit":100,"pivot":{"x":0.5,"y":0.5},"meshType":0}],[0],0,[0],[0],[16]],[[{"name":"Sun_19","rect":{"x":7,"y":5,"width":66,"height":68},"offset":{"x":1,"y":0},"originalSize":{"width":78,"height":78},"rotated":false,"capInsets":[0,0,0,0],"vertices":{"rawPosition":[-33,-34,0,33,-34,0,-33,34,0,33,34,0],"indexes":[0,1,2,2,1,3],"uv":[7,73,73,73,7,5,73,5],"nuv":[0.08974358974358974,0.0641025641025641,0.9358974358974359,0.0641025641025641,0.08974358974358974,0.9358974358974359,0.9358974358974359,0.9358974358974359],"minPos":{"x":-33,"y":-34,"z":0},"maxPos":{"x":33,"y":34,"z":0}},"packable":true,"pixelsToUnit":100,"pivot":{"x":0.5,"y":0.5},"meshType":0}],[0],0,[0],[0],[17]],[[{"name":"Sun_13","rect":{"x":1,"y":1,"width":77,"height":76},"offset":{"x":0.5,"y":0},"originalSize":{"width":78,"height":78},"rotated":false,"capInsets":[0,0,0,0],"vertices":{"rawPosition":[-38.5,-38,0,38.5,-38,0,-38.5,38,0,38.5,38,0],"indexes":[0,1,2,2,1,3],"uv":[1,77,78,77,1,1,78,1],"nuv":[0.01282051282051282,0.01282051282051282,1,0.01282051282051282,0.01282051282051282,0.9871794871794872,1,0.9871794871794872],"minPos":{"x":-38.5,"y":-38,"z":0},"maxPos":{"x":38.5,"y":38,"z":0}},"packable":true,"pixelsToUnit":100,"pivot":{"x":0.5,"y":0.5},"meshType":0}],[0],0,[0],[0],[18]],[[{"name":"Sun_14","rect":{"x":2,"y":0,"width":76,"height":77},"offset":{"x":1,"y":0.5},"originalSize":{"width":78,"height":78},"rotated":false,"capInsets":[0,0,0,0],"vertices":{"rawPosition":[-38,-38.5,0,38,-38.5,0,-38,38.5,0,38,38.5,0],"indexes":[0,1,2,2,1,3],"uv":[2,78,78,78,2,1,78,1],"nuv":[0.02564102564102564,0.01282051282051282,1,0.01282051282051282,0.02564102564102564,1,1,1],"minPos":{"x":-38,"y":-38.5,"z":0},"maxPos":{"x":38,"y":38.5,"z":0}},"packable":true,"pixelsToUnit":100,"pivot":{"x":0.5,"y":0.5},"meshType":0}],[0],0,[0],[0],[19]],[[{"name":"Sun_8","rect":{"x":1,"y":1,"width":77,"height":74},"offset":{"x":0.5,"y":1},"originalSize":{"width":78,"height":78},"rotated":false,"capInsets":[0,0,0,0],"vertices":{"rawPosition":[-38.5,-37,0,38.5,-37,0,-38.5,37,0,38.5,37,0],"indexes":[0,1,2,2,1,3],"uv":[1,77,78,77,1,3,78,3],"nuv":[0.01282051282051282,0.038461538461538464,1,0.038461538461538464,0.01282051282051282,0.9871794871794872,1,0.9871794871794872],"minPos":{"x":-38.5,"y":-37,"z":0},"maxPos":{"x":38.5,"y":37,"z":0}},"packable":true,"pixelsToUnit":100,"pivot":{"x":0.5,"y":0.5},"meshType":0}],[0],0,[0],[0],[20]],[[{"name":"Sun_16","rect":{"x":4,"y":1,"width":72,"height":75},"offset":{"x":1,"y":0.5},"originalSize":{"width":78,"height":78},"rotated":false,"capInsets":[0,0,0,0],"vertices":{"rawPosition":[-36,-37.5,0,36,-37.5,0,-36,37.5,0,36,37.5,0],"indexes":[0,1,2,2,1,3],"uv":[4,77,76,77,4,2,76,2],"nuv":[0.05128205128205128,0.02564102564102564,0.9743589743589743,0.02564102564102564,0.05128205128205128,0.9871794871794872,0.9743589743589743,0.9871794871794872],"minPos":{"x":-36,"y":-37.5,"z":0},"maxPos":{"x":36,"y":37.5,"z":0}},"packable":true,"pixelsToUnit":100,"pivot":{"x":0.5,"y":0.5},"meshType":0}],[0],0,[0],[0],[21]]]]
