[1,["03irjfKSpIT4dQXqJ2QCts@6c48a"],["_textureSource"],["cc.SpriteFrame"],0,[{"name":"TwinSunflower_18","rect":{"x":0,"y":2,"width":83,"height":81},"offset":{"x":0,"y":-0.5},"originalSize":{"width":83,"height":84},"rotated":false,"capInsets":[0,0,0,0],"vertices":{"rawPosition":[-41.5,-40.5,0,41.5,-40.5,0,-41.5,40.5,0,41.5,40.5,0],"indexes":[0,1,2,2,1,3],"uv":[0,82,83,82,0,1,83,1],"nuv":[0,0.011904761904761904,1,0.011904761904761904,0,0.9761904761904762,1,0.9761904761904762],"minPos":{"x":-41.5,"y":-40.5,"z":0},"maxPos":{"x":41.5,"y":40.5,"z":0}},"packable":true,"pixelsToUnit":100,"pivot":{"x":0.5,"y":0.5},"meshType":0}],[0],0,[0],[0],[0]]
