[1,["03kkmrMPhAurVmppsEsG9R@6c48a"],["_textureSource"],["cc.SpriteFrame"],0,[{"name":"BucketheadZombie_14","rect":{"x":62,"y":5,"width":64,"height":138},"offset":{"x":11,"y":-2},"originalSize":{"width":166,"height":144},"rotated":false,"capInsets":[0,0,0,0],"vertices":{"rawPosition":[-32,-69,0,32,-69,0,-32,69,0,32,69,0],"indexes":[0,1,2,2,1,3],"uv":[62,139,126,139,62,1,126,1],"nuv":[0.37349397590361444,0.006944444444444444,0.7590361445783133,0.006944444444444444,0.37349397590361444,0.9652777777777778,0.7590361445783133,0.9652777777777778],"minPos":{"x":-32,"y":-69,"z":0},"maxPos":{"x":32,"y":69,"z":0}},"packable":true,"pixelsToUnit":100,"pivot":{"x":0.5,"y":0.5},"meshType":0}],[0],0,[0],[0],[0]]
