[1,["034k55yehHjbGRFsH3gINo@6c48a"],["_textureSource"],["cc.SpriteFrame"],0,[{"name":"growSoil0","rect":{"x":20,"y":4,"width":24,"height":23},"offset":{"x":1.5,"y":1.5},"originalSize":{"width":61,"height":34},"rotated":false,"capInsets":[0,0,0,0],"vertices":{"rawPosition":[-12,-11.5,0,12,-11.5,0,-12,11.5,0,12,11.5,0],"indexes":[0,1,2,2,1,3],"uv":[20,30,44,30,20,7,44,7],"nuv":[0.32786885245901637,0.20588235294117646,0.7213114754098361,0.20588235294117646,0.32786885245901637,0.8823529411764706,0.7213114754098361,0.8823529411764706],"minPos":{"x":-12,"y":-11.5,"z":0},"maxPos":{"x":12,"y":11.5,"z":0}},"packable":true,"pixelsToUnit":100,"pivot":{"x":0.5,"y":0.5},"meshType":0}],[0],0,[0],[0],[0]]
