[1,["26MMprt7JD1LaUNU7/BKqt@6c48a"],["_textureSource"],["cc.SpriteFrame"],0,[{"name":"GloomShroomBullet_3","rect":{"x":11,"y":5,"width":195,"height":195},"offset":{"x":3.5,"y":-2.5},"originalSize":{"width":210,"height":200},"rotated":false,"capInsets":[0,0,0,0],"vertices":{"rawPosition":[-97.5,-97.5,0,97.5,-97.5,0,-97.5,97.5,0,97.5,97.5,0],"indexes":[0,1,2,2,1,3],"uv":[11,195,206,195,11,0,206,0],"nuv":[0.05238095238095238,0,0.9809523809523809,0,0.05238095238095238,0.975,0.9809523809523809,0.975],"minPos":{"x":-97.5,"y":-97.5,"z":0},"maxPos":{"x":97.5,"y":97.5,"z":0}},"packable":true,"pixelsToUnit":100,"pivot":{"x":0.5,"y":0.5},"meshType":0}],[0],0,[0],[0],[0]]
