[1,["26j/F9GU5AiZSmzXd/8BXJ@6c48a"],["_textureSource"],["cc.SpriteFrame"],0,[{"name":"Wallnut_cracked2_15","rect":{"x":1,"y":6,"width":61,"height":67},"offset":{"x":-1,"y":-3},"originalSize":{"width":65,"height":73},"rotated":false,"capInsets":[0,0,0,0],"vertices":{"rawPosition":[-30.5,-33.5,0,30.5,-33.5,0,-30.5,33.5,0,30.5,33.5,0],"indexes":[0,1,2,2,1,3],"uv":[1,67,62,67,1,0,62,0],"nuv":[0.015384615384615385,0,0.9538461538461539,0,0.015384615384615385,0.9178082191780822,0.9538461538461539,0.9178082191780822],"minPos":{"x":-30.5,"y":-33.5,"z":0},"maxPos":{"x":30.5,"y":33.5,"z":0}},"packable":true,"pixelsToUnit":100,"pivot":{"x":0.5,"y":0.5},"meshType":0}],[0],0,[0],[0],[0]]
