[1,["04FdqL4mNMNZ7QPM3V3jBs@6c48a","06ZVOwHdtHpbol1A+5c6c2@6c48a","0aWxaS38RB86sdcEt49IlK@6c48a","0b/Ou+NX9EFpAubViLG0fA@6c48a","0eKPam2AhC5ZlUBOHCMMMk@6c48a","1e4La7zYpNDYIv8336dIig@6c48a","1e9yl9fcBJsrnBhRQboYqv@6c48a","1fjhED0ipJobdZg9Kr/+ih@6c48a","23KG1pwuZEu4ri9NSosctA@6c48a","26GSyYV15PjLOibOT7lV54@6c48a","2ffyTYTE1KLaLFBF9A2ECR@6c48a","34jK/zNUlHM5H8pxO6wPYK@6c48a","35QTWEhY9EnoioXlAOks2K@6c48a","37OLXMfKpIKKaiCU+ankjw@6c48a","3dBqbVyy5DJYocK5mygOmW@6c48a","3e7lZT3vhJBqFBrrTGnwpa@6c48a","416++qq1RF96cAf9xBJ3zf@6c48a","49IB6MwC1OdK56fk6hvksI@6c48a","4c3xTa2Z9Fh5gxc6hsTqOJ@6c48a","4eukQS5yxLBqdZashd4lng@6c48a","0dOSuwXxlAGIgbIb3ykCfK@f9941","19UyD0Pd9PvZANlhcWa4/w","d8A47mvchLZrXNBWATDkIN","4fgFZ8oipAX62HR7AyWo7L@6c48a","4fzxjuvT5Atoig+kPa5luU@6c48a","50U/g3hqxNSJWIGgt6NLxh@6c48a","5860XN60BFRpTTdJPVZVO/@6c48a","60LdYnck5GNZHK+MDYV/Ht@6c48a","63vgloq3pPSKlMwuFyqd92@6c48a","68a3u+WMRDloNKSi9VXEne@6c48a","68gN7to99GfZi0ELI9uA5Y@6c48a","6fEned2J5PW5RdqIuoIRj3@6c48a","71ZxMup4lLirNp52htsSZo@6c48a","78FWCnfANLKJProoXC0a3R@6c48a","79j1+20cNKBqQJhQsXcAAJ@6c48a","82WFu+j0BDu5jGVfR5m5pm@6c48a","85ougy1EZEXZ5RLFrNvWbb@6c48a","88xw6OXHpICLWMNMCcOKq3@6c48a","91rnOX8ZBCH5/EK7a6gByo@6c48a","95nDVWxJlFlYPGLy2TBruX@6c48a","97/FOzdP5GMZsgVpeK5DVC@6c48a","9amuZgbfVK9qnkNVKolZdA@6c48a","9fqkCi3chLdLwp52qvPbVe@6c48a","9fz0ukn7ZHeYQ4UYkGZ05H@6c48a","a0rzGOzltDSbxt9gsIG7Sx@6c48a","a01eWVwbJKEK6PgAGjwVnO@6c48a","a4MrfTD5NLfYKTr6UsaAlf@6c48a","a8EvtZnr5FGKWMV5n977RY@6c48a","a8rWzHaJ5F2LD852FwKS2z@6c48a","a8yhg/BGdFhpe//06QpzFv@6c48a","a9uevTUjVGT7TiLsO0kknn@6c48a","accUbQcjNC17Zj+DTG8Civ@6c48a","adxVwfp/xNHJjXK98ZgQ4M@6c48a","b1Rru1aTxFzYv+rjXbGvOk@6c48a","b3C9x7XVRKooChR9loXiPm@6c48a","b6Z1HgZ19NbZyHu9maTvTk@6c48a","baqrFtU3VLeLWGXLQJN8Ju@6c48a","becWFwQT1OIJk/hnA2I4qK@6c48a","c0pVvKPfBP97rY/tsS7vH0@6c48a","c1AJEQEAtLXaKB1OrDUCDT@6c48a","c4kNMJielHmZGEE0t+UXDB@6c48a","c5TMe8kgFAqLtkH8ws6um0@6c48a","c6Zf9R3UpIYLKyUmB6Qxhm@6c48a","c7ZlqafmBHw4sLsrp49uhr@6c48a","c72BZ2U/BFnK2pUrkRh5g3@6c48a","c8tG1FIelMQZpetoo9Tsyd@6c48a","calfVqvc9Nx5ZFzmLJERKa@6c48a","cbGsLPauVFo7NfKEyJ24i1@6c48a","cb1clZuL5JGrIWGwLK+kvo@6c48a","cf2Cs+/EZAaJ2WA7XDhN0L@6c48a","d5BMXRORFFPaK2yt9q5dpe@6c48a","d64hqV7/1PqatF/l6+Fq5N@6c48a","8aKbN11w5AQ46d9KrpaOb3","9aTimHTqpDk5CkBgeSJpBF","e2dqcoCdpINqQC6/+OYENc","5fHHudbF5E17uJYaB3o5fn","f4MRF9RRVCP5gFyaShL+Em","d8nsoKjiFI+536arnFfL8d@6c48a","dcnbSu6/tFdo2Q353LQMk0@6c48a","dcv2nxhKFGvYppfPD2Hh57@6c48a","ddPVdiOHBGvYt0iSQ0VFc+@6c48a","e4MBiJ0IhGfqS0m7ftambG@6c48a","eaMPR2fsFPbb/Z7Bzn8oQI@6c48a","ec/3Wj9vpBO733IGtCqheF@6c48a","eepjUNdkRH/p6b+nkF1bJG@6c48a","efA6fZ81tOXanWPY06zSq6@6c48a","efzyY3ELJCFqehQdyGofzD@6c48a","f1oMm6gW9Lh6KxhTBB32cF@6c48a","fdcHW3HH5MvqtE5SIrgD71@6c48a"],["_textureSource","to","from","node","clip","root","data","_spriteFrame","zombieHead","_graph","_anyState","_exitState","_entryState"],["cc.SpriteFrame",["cc.animation.AnimationTransition",["duration","from","to","conditions","startEventBinding","endEventBinding"],2,1,1,9,4,4],["cc.animation.UnaryCondition",["operator","operand"],2,4],["cc.animation.BinaryCondition",["operator","rhs","lhsBinding"],1,4],["cc.animation.TCVariableBinding",["variableName"],2],["cc.animation.PlainVariable",["_value","_type"],1],["cc.Prefab",["_name"],2],["cc.Node",["_name","_layer","_components","_prefab","_lpos"],1,9,4,5],["cc.UITransform",["node","__prefab","_contentSize"],3,1,4,5],["cc.CompPrefabInfo",["fileId"],2],["cc.Sprite",["node","__prefab","_spriteFrame"],3,1,4,6],["25678oHOIFJhq0Pyhimpy7B",["speed","atk","node","__prefab","zombieHead"],1,1,4,6],["cc.RigidBody2D",["enabledContactListener","_group","_allowSleep","_gravityScale","node","__prefab"],-1,1,4],["cc.BoxCollider2D",["_group","_sensor","node","__prefab","_offset","_size"],1,1,4,5,5],["cc.animation.AnimationController",["node","__prefab","_graph"],3,1,4,6],["cc.PrefabInfo",["fileId","instance","targetOverrides","nestedPrefabInstanceRoots","root","asset"],-1,1,1],["cc.animation.AnimationGraph",["_layers","_variables"],3,9,11],["cc.animation.Layer",["_stateMachine"],3,4],["cc.animation.StateMachine",["_states","_transitions","_entryState","_exitState","_anyState"],3,2,9,1,1,1],["cc.animation.Transition",["from","to"],3,1,1],["cc.animation.BindableBoolean",["variable"],2],["cc.animation.AnimationGraphEventBinding",[],3],["cc.animation.Motion",["name","motion","transitionInEventBinding","transitionOutEventBinding"],2,4,4,4],["cc.animation.ClipMotion",["clip"],3,6],["cc.animation.State",["name"],2]],[[21,1],[9,0,2],[22,0,1,2,3,2],[23,0,1],[1,0,1,2,3,4,5,2],[1,1,2,3,4,5,1],[20,0,2],[4,0,2],[24,0,2],[2,1,1],[2,0,1,2],[3,0,1,2,3],[3,0,2,2],[6,0,2],[7,0,1,2,3,4,3],[8,0,1,2,1],[10,0,1,2,1],[11,0,1,2,3,4,3],[12,0,1,2,3,4,5,5],[13,0,1,2,3,4,5,3],[14,0,1,2,1],[15,0,1,2,3,4,5,5],[16,0,1,1],[17,0,1],[18,0,1,2,3,4,1],[19,0,1,1],[4,1],[5,1,0,3],[5,0,2]],[[[{"name":"ZombieAttack_4","rect":{"x":63,"y":24,"width":87,"height":120},"offset":{"x":23.5,"y":-12},"originalSize":{"width":166,"height":144},"rotated":false,"capInsets":[0,0,0,0],"vertices":{"rawPosition":[-43.5,-60,0,43.5,-60,0,-43.5,60,0,43.5,60,0],"indexes":[0,1,2,2,1,3],"uv":[63,120,150,120,63,0,150,0],"nuv":[0.3795180722891566,0,0.9036144578313253,0,0.3795180722891566,0.8333333333333334,0.9036144578313253,0.8333333333333334],"minPos":{"x":-43.5,"y":-60,"z":0},"maxPos":{"x":43.5,"y":60,"z":0}},"packable":true,"pixelsToUnit":100,"pivot":{"x":0.5,"y":0.5},"meshType":0}],[0],0,[0],[0],[0]],[[{"name":"ZombieLostHeadAttack_10","rect":{"x":67,"y":51,"width":82,"height":93},"offset":{"x":25,"y":-25.5},"originalSize":{"width":166,"height":144},"rotated":false,"capInsets":[0,0,0,0],"vertices":{"rawPosition":[-41,-46.5,0,41,-46.5,0,-41,46.5,0,41,46.5,0],"indexes":[0,1,2,2,1,3],"uv":[67,93,149,93,67,0,149,0],"nuv":[0.4036144578313253,0,0.8975903614457831,0,0.4036144578313253,0.6458333333333334,0.8975903614457831,0.6458333333333334],"minPos":{"x":-41,"y":-46.5,"z":0},"maxPos":{"x":41,"y":46.5,"z":0}},"packable":true,"pixelsToUnit":100,"pivot":{"x":0.5,"y":0.5},"meshType":0}],[0],0,[0],[0],[1]],[[{"name":"ZombieLostHeadAttack_8","rect":{"x":62,"y":53,"width":87,"height":91},"offset":{"x":22.5,"y":-26.5},"originalSize":{"width":166,"height":144},"rotated":false,"capInsets":[0,0,0,0],"vertices":{"rawPosition":[-43.5,-45.5,0,43.5,-45.5,0,-43.5,45.5,0,43.5,45.5,0],"indexes":[0,1,2,2,1,3],"uv":[62,91,149,91,62,0,149,0],"nuv":[0.37349397590361444,0,0.8975903614457831,0,0.37349397590361444,0.6319444444444444,0.8975903614457831,0.6319444444444444],"minPos":{"x":-43.5,"y":-45.5,"z":0},"maxPos":{"x":43.5,"y":45.5,"z":0}},"packable":true,"pixelsToUnit":100,"pivot":{"x":0.5,"y":0.5},"meshType":0}],[0],0,[0],[0],[2]],[[{"name":"Zombie_11","rect":{"x":68,"y":23,"width":68,"height":119},"offset":{"x":19,"y":-10.5},"originalSize":{"width":166,"height":144},"rotated":false,"capInsets":[0,0,0,0],"vertices":{"rawPosition":[-34,-59.5,0,34,-59.5,0,-34,59.5,0,34,59.5,0],"indexes":[0,1,2,2,1,3],"uv":[68,121,136,121,68,2,136,2],"nuv":[0.40963855421686746,0.013888888888888888,0.8192771084337349,0.013888888888888888,0.40963855421686746,0.8402777777777778,0.8192771084337349,0.8402777777777778],"minPos":{"x":-34,"y":-59.5,"z":0},"maxPos":{"x":34,"y":59.5,"z":0}},"packable":true,"pixelsToUnit":100,"pivot":{"x":0.5,"y":0.5},"meshType":0}],[0],0,[0],[0],[3]],[[{"name":"ZombieAttack_14","rect":{"x":63,"y":27,"width":87,"height":116},"offset":{"x":23.5,"y":-13},"originalSize":{"width":166,"height":144},"rotated":false,"capInsets":[0,0,0,0],"vertices":{"rawPosition":[-43.5,-58,0,43.5,-58,0,-43.5,58,0,43.5,58,0],"indexes":[0,1,2,2,1,3],"uv":[63,117,150,117,63,1,150,1],"nuv":[0.3795180722891566,0.006944444444444444,0.9036144578313253,0.006944444444444444,0.3795180722891566,0.8125,0.9036144578313253,0.8125],"minPos":{"x":-43.5,"y":-58,"z":0},"maxPos":{"x":43.5,"y":58,"z":0}},"packable":true,"pixelsToUnit":100,"pivot":{"x":0.5,"y":0.5},"meshType":0}],[0],0,[0],[0],[4]],[[{"name":"ZombieAttack_7","rect":{"x":69,"y":27,"width":81,"height":116},"offset":{"x":26.5,"y":-13},"originalSize":{"width":166,"height":144},"rotated":false,"capInsets":[0,0,0,0],"vertices":{"rawPosition":[-40.5,-58,0,40.5,-58,0,-40.5,58,0,40.5,58,0],"indexes":[0,1,2,2,1,3],"uv":[69,117,150,117,69,1,150,1],"nuv":[0.41566265060240964,0.006944444444444444,0.9036144578313253,0.006944444444444444,0.41566265060240964,0.8125,0.9036144578313253,0.8125],"minPos":{"x":-40.5,"y":-58,"z":0},"maxPos":{"x":40.5,"y":58,"z":0}},"packable":true,"pixelsToUnit":100,"pivot":{"x":0.5,"y":0.5},"meshType":0}],[0],0,[0],[0],[5]],[[{"name":"Zombie_14","rect":{"x":63,"y":27,"width":78,"height":115},"offset":{"x":19,"y":-12.5},"originalSize":{"width":166,"height":144},"rotated":false,"capInsets":[0,0,0,0],"vertices":{"rawPosition":[-39,-57.5,0,39,-57.5,0,-39,57.5,0,39,57.5,0],"indexes":[0,1,2,2,1,3],"uv":[63,117,141,117,63,2,141,2],"nuv":[0.3795180722891566,0.013888888888888888,0.8493975903614458,0.013888888888888888,0.3795180722891566,0.8125,0.8493975903614458,0.8125],"minPos":{"x":-39,"y":-57.5,"z":0},"maxPos":{"x":39,"y":57.5,"z":0}},"packable":true,"pixelsToUnit":100,"pivot":{"x":0.5,"y":0.5},"meshType":0}],[0],0,[0],[0],[6]],[[{"name":"ZombieAttack_12","rect":{"x":66,"y":25,"width":84,"height":118},"offset":{"x":25,"y":-12},"originalSize":{"width":166,"height":144},"rotated":false,"capInsets":[0,0,0,0],"vertices":{"rawPosition":[-42,-59,0,42,-59,0,-42,59,0,42,59,0],"indexes":[0,1,2,2,1,3],"uv":[66,119,150,119,66,1,150,1],"nuv":[0.39759036144578314,0.006944444444444444,0.9036144578313253,0.006944444444444444,0.39759036144578314,0.8263888888888888,0.9036144578313253,0.8263888888888888],"minPos":{"x":-42,"y":-59,"z":0},"maxPos":{"x":42,"y":59,"z":0}},"packable":true,"pixelsToUnit":100,"pivot":{"x":0.5,"y":0.5},"meshType":0}],[0],0,[0],[0],[7]],[[{"name":"ZombieLostHead_1","rect":{"x":79,"y":52,"width":51,"height":92},"offset":{"x":21.5,"y":-26},"originalSize":{"width":166,"height":144},"rotated":false,"capInsets":[0,0,0,0],"vertices":{"rawPosition":[-25.5,-46,0,25.5,-46,0,-25.5,46,0,25.5,46,0],"indexes":[0,1,2,2,1,3],"uv":[79,92,130,92,79,0,130,0],"nuv":[0.4759036144578313,0,0.7831325301204819,0,0.4759036144578313,0.6388888888888888,0.7831325301204819,0.6388888888888888],"minPos":{"x":-25.5,"y":-46,"z":0},"maxPos":{"x":25.5,"y":46,"z":0}},"packable":true,"pixelsToUnit":100,"pivot":{"x":0.5,"y":0.5},"meshType":0}],[0],0,[0],[0],[8]],[[{"name":"ZombieAttack_21","rect":{"x":65,"y":23,"width":85,"height":121},"offset":{"x":24.5,"y":-11.5},"originalSize":{"width":166,"height":144},"rotated":false,"capInsets":[0,0,0,0],"vertices":{"rawPosition":[-42.5,-60.5,0,42.5,-60.5,0,-42.5,60.5,0,42.5,60.5,0],"indexes":[0,1,2,2,1,3],"uv":[65,121,150,121,65,0,150,0],"nuv":[0.39156626506024095,0,0.9036144578313253,0,0.39156626506024095,0.8402777777777778,0.9036144578313253,0.8402777777777778],"minPos":{"x":-42.5,"y":-60.5,"z":0},"maxPos":{"x":42.5,"y":60.5,"z":0}},"packable":true,"pixelsToUnit":100,"pivot":{"x":0.5,"y":0.5},"meshType":0}],[0],0,[0],[0],[9]],[[{"name":"ZombieLostHead_6","rect":{"x":80,"y":50,"width":72,"height":93},"offset":{"x":33,"y":-24.5},"originalSize":{"width":166,"height":144},"rotated":false,"capInsets":[0,0,0,0],"vertices":{"rawPosition":[-36,-46.5,0,36,-46.5,0,-36,46.5,0,36,46.5,0],"indexes":[0,1,2,2,1,3],"uv":[80,94,152,94,80,1,152,1],"nuv":[0.4819277108433735,0.006944444444444444,0.9156626506024096,0.006944444444444444,0.4819277108433735,0.6527777777777778,0.9156626506024096,0.6527777777777778],"minPos":{"x":-36,"y":-46.5,"z":0},"maxPos":{"x":36,"y":46.5,"z":0}},"packable":true,"pixelsToUnit":100,"pivot":{"x":0.5,"y":0.5},"meshType":0}],[0],0,[0],[0],[10]],[[{"name":"ZombieDie_4","rect":{"x":56,"y":77,"width":90,"height":67},"offset":{"x":18,"y":-38.5},"originalSize":{"width":166,"height":144},"rotated":false,"capInsets":[0,0,0,0],"vertices":{"rawPosition":[-45,-33.5,0,45,-33.5,0,-45,33.5,0,45,33.5,0],"indexes":[0,1,2,2,1,3],"uv":[56,67,146,67,56,0,146,0],"nuv":[0.3373493975903614,0,0.8795180722891566,0,0.3373493975903614,0.4652777777777778,0.8795180722891566,0.4652777777777778],"minPos":{"x":-45,"y":-33.5,"z":0},"maxPos":{"x":45,"y":33.5,"z":0}},"packable":true,"pixelsToUnit":100,"pivot":{"x":0.5,"y":0.5},"meshType":0}],[0],0,[0],[0],[11]],[[{"name":"ZombieLostHead_10","rect":{"x":76,"y":49,"width":59,"height":95},"offset":{"x":22.5,"y":-24.5},"originalSize":{"width":166,"height":144},"rotated":false,"capInsets":[0,0,0,0],"vertices":{"rawPosition":[-29.5,-47.5,0,29.5,-47.5,0,-29.5,47.5,0,29.5,47.5,0],"indexes":[0,1,2,2,1,3],"uv":[76,95,135,95,76,0,135,0],"nuv":[0.4578313253012048,0,0.8132530120481928,0,0.4578313253012048,0.6597222222222222,0.8132530120481928,0.6597222222222222],"minPos":{"x":-29.5,"y":-47.5,"z":0},"maxPos":{"x":29.5,"y":47.5,"z":0}},"packable":true,"pixelsToUnit":100,"pivot":{"x":0.5,"y":0.5},"meshType":0}],[0],0,[0],[0],[12]],[[{"name":"Zombie_18","rect":{"x":65,"y":23,"width":68,"height":119},"offset":{"x":16,"y":-10.5},"originalSize":{"width":166,"height":144},"rotated":false,"capInsets":[0,0,0,0],"vertices":{"rawPosition":[-34,-59.5,0,34,-59.5,0,-34,59.5,0,34,59.5,0],"indexes":[0,1,2,2,1,3],"uv":[65,121,133,121,65,2,133,2],"nuv":[0.39156626506024095,0.013888888888888888,0.8012048192771084,0.013888888888888888,0.39156626506024095,0.8402777777777778,0.8012048192771084,0.8402777777777778],"minPos":{"x":-34,"y":-59.5,"z":0},"maxPos":{"x":34,"y":59.5,"z":0}},"packable":true,"pixelsToUnit":100,"pivot":{"x":0.5,"y":0.5},"meshType":0}],[0],0,[0],[0],[13]],[[{"name":"ZombieAttack_13","rect":{"x":64,"y":26,"width":86,"height":117},"offset":{"x":24,"y":-12.5},"originalSize":{"width":166,"height":144},"rotated":false,"capInsets":[0,0,0,0],"vertices":{"rawPosition":[-43,-58.5,0,43,-58.5,0,-43,58.5,0,43,58.5,0],"indexes":[0,1,2,2,1,3],"uv":[64,118,150,118,64,1,150,1],"nuv":[0.3855421686746988,0.006944444444444444,0.9036144578313253,0.006944444444444444,0.3855421686746988,0.8194444444444444,0.9036144578313253,0.8194444444444444],"minPos":{"x":-43,"y":-58.5,"z":0},"maxPos":{"x":43,"y":58.5,"z":0}},"packable":true,"pixelsToUnit":100,"pivot":{"x":0.5,"y":0.5},"meshType":0}],[0],0,[0],[0],[14]],[[{"name":"ZombieAttack_11","rect":{"x":68,"y":24,"width":82,"height":120},"offset":{"x":26,"y":-12},"originalSize":{"width":166,"height":144},"rotated":false,"capInsets":[0,0,0,0],"vertices":{"rawPosition":[-41,-60,0,41,-60,0,-41,60,0,41,60,0],"indexes":[0,1,2,2,1,3],"uv":[68,120,150,120,68,0,150,0],"nuv":[0.40963855421686746,0,0.9036144578313253,0,0.40963855421686746,0.8333333333333334,0.9036144578313253,0.8333333333333334],"minPos":{"x":-41,"y":-60,"z":0},"maxPos":{"x":41,"y":60,"z":0}},"packable":true,"pixelsToUnit":100,"pivot":{"x":0.5,"y":0.5},"meshType":0}],[0],0,[0],[0],[15]],[[{"name":"Zombie_3","rect":{"x":63,"y":26,"width":87,"height":117},"offset":{"x":23.5,"y":-12.5},"originalSize":{"width":166,"height":144},"rotated":false,"capInsets":[0,0,0,0],"vertices":{"rawPosition":[-43.5,-58.5,0,43.5,-58.5,0,-43.5,58.5,0,43.5,58.5,0],"indexes":[0,1,2,2,1,3],"uv":[63,118,150,118,63,1,150,1],"nuv":[0.3795180722891566,0.006944444444444444,0.9036144578313253,0.006944444444444444,0.3795180722891566,0.8194444444444444,0.9036144578313253,0.8194444444444444],"minPos":{"x":-43.5,"y":-58.5,"z":0},"maxPos":{"x":43.5,"y":58.5,"z":0}},"packable":true,"pixelsToUnit":100,"pivot":{"x":0.5,"y":0.5},"meshType":0}],[0],0,[0],[0],[16]],[[{"name":"ZombieLostHeadAttack_1","rect":{"x":70,"y":52,"width":80,"height":92},"offset":{"x":27,"y":-26},"originalSize":{"width":166,"height":144},"rotated":false,"capInsets":[0,0,0,0],"vertices":{"rawPosition":[-40,-46,0,40,-46,0,-40,46,0,40,46,0],"indexes":[0,1,2,2,1,3],"uv":[70,92,150,92,70,0,150,0],"nuv":[0.42168674698795183,0,0.9036144578313253,0,0.42168674698795183,0.6388888888888888,0.9036144578313253,0.6388888888888888],"minPos":{"x":-40,"y":-46,"z":0},"maxPos":{"x":40,"y":46,"z":0}},"packable":true,"pixelsToUnit":100,"pivot":{"x":0.5,"y":0.5},"meshType":0}],[0],0,[0],[0],[17]],[[{"name":"Zombie_15","rect":{"x":64,"y":27,"width":76,"height":115},"offset":{"x":19,"y":-12.5},"originalSize":{"width":166,"height":144},"rotated":false,"capInsets":[0,0,0,0],"vertices":{"rawPosition":[-38,-57.5,0,38,-57.5,0,-38,57.5,0,38,57.5,0],"indexes":[0,1,2,2,1,3],"uv":[64,117,140,117,64,2,140,2],"nuv":[0.3855421686746988,0.013888888888888888,0.8433734939759037,0.013888888888888888,0.3855421686746988,0.8125,0.8433734939759037,0.8125],"minPos":{"x":-38,"y":-57.5,"z":0},"maxPos":{"x":38,"y":57.5,"z":0}},"packable":true,"pixelsToUnit":100,"pivot":{"x":0.5,"y":0.5},"meshType":0}],[0],0,[0],[0],[18]],[[{"name":"ZombieAttack_19","rect":{"x":66,"y":27,"width":84,"height":116},"offset":{"x":25,"y":-13},"originalSize":{"width":166,"height":144},"rotated":false,"capInsets":[0,0,0,0],"vertices":{"rawPosition":[-42,-58,0,42,-58,0,-42,58,0,42,58,0],"indexes":[0,1,2,2,1,3],"uv":[66,117,150,117,66,1,150,1],"nuv":[0.39759036144578314,0.006944444444444444,0.9036144578313253,0.006944444444444444,0.39759036144578314,0.8125,0.9036144578313253,0.8125],"minPos":{"x":-42,"y":-58,"z":0},"maxPos":{"x":42,"y":58,"z":0}},"packable":true,"pixelsToUnit":100,"pivot":{"x":0.5,"y":0.5},"meshType":0}],[0],0,[0],[0],[19]],[[[13,"Zombie_1"],[14,"Zombie_1",33554432,[[15,-2,[1,"912LdjKgRNKqJaTa26jfT1"],[5,85,120]],[16,-3,[1,"49mW/svVlNcasy4dF+py2Q"],0],[17,1.2,30,-4,[1,"59tUvalZpEnosa0KBqdTVQ"],1],[18,true,4,false,0,-5,[1,"10JT4XMWZCratKaN8kjLu6"]],[19,4,true,-6,[1,"b3+Ig7S1NFfrE5Xxe6iJFB"],[0,0.4,-1.4],[5,62.1,39.8]],[20,-7,[1,"c3KHPE9RRC5LrNp2KbM2BJ"],2]],[21,"55SKcZJZ9IgrVTMcjVkmaR",null,null,null,-1,0],[1,-220,-32,0]]],0,[0,5,1,0,3,1,0,3,1,0,3,1,0,3,1,0,3,1,0,3,1,0,6,1,7],[0,0,0],[7,8,9],[20,21,22]],[[{"name":"Zombie_7","rect":{"x":66,"y":24,"width":73,"height":120},"offset":{"x":19.5,"y":-12},"originalSize":{"width":166,"height":144},"rotated":false,"capInsets":[0,0,0,0],"vertices":{"rawPosition":[-36.5,-60,0,36.5,-60,0,-36.5,60,0,36.5,60,0],"indexes":[0,1,2,2,1,3],"uv":[66,120,139,120,66,0,139,0],"nuv":[0.39759036144578314,0,0.8373493975903614,0,0.39759036144578314,0.8333333333333334,0.8373493975903614,0.8333333333333334],"minPos":{"x":-36.5,"y":-60,"z":0},"maxPos":{"x":36.5,"y":60,"z":0}},"packable":true,"pixelsToUnit":100,"pivot":{"x":0.5,"y":0.5},"meshType":0}],[0],0,[0],[0],[23]],[[{"name":"ZombieLostHeadAttack_11","rect":{"x":72,"y":41,"width":77,"height":103},"offset":{"x":27.5,"y":-20.5},"originalSize":{"width":166,"height":144},"rotated":false,"capInsets":[0,0,0,0],"vertices":{"rawPosition":[-38.5,-51.5,0,38.5,-51.5,0,-38.5,51.5,0,38.5,51.5,0],"indexes":[0,1,2,2,1,3],"uv":[72,103,149,103,72,0,149,0],"nuv":[0.43373493975903615,0,0.8975903614457831,0,0.43373493975903615,0.7152777777777778,0.8975903614457831,0.7152777777777778],"minPos":{"x":-38.5,"y":-51.5,"z":0},"maxPos":{"x":38.5,"y":51.5,"z":0}},"packable":true,"pixelsToUnit":100,"pivot":{"x":0.5,"y":0.5},"meshType":0}],[0],0,[0],[0],[24]],[[{"name":"Zombie_10","rect":{"x":69,"y":22,"width":67,"height":121},"offset":{"x":19.5,"y":-10.5},"originalSize":{"width":166,"height":144},"rotated":false,"capInsets":[0,0,0,0],"vertices":{"rawPosition":[-33.5,-60.5,0,33.5,-60.5,0,-33.5,60.5,0,33.5,60.5,0],"indexes":[0,1,2,2,1,3],"uv":[69,122,136,122,69,1,136,1],"nuv":[0.41566265060240964,0.006944444444444444,0.8192771084337349,0.006944444444444444,0.41566265060240964,0.8472222222222222,0.8192771084337349,0.8472222222222222],"minPos":{"x":-33.5,"y":-60.5,"z":0},"maxPos":{"x":33.5,"y":60.5,"z":0}},"packable":true,"pixelsToUnit":100,"pivot":{"x":0.5,"y":0.5},"meshType":0}],[0],0,[0],[0],[25]],[[{"name":"Zombie_8","rect":{"x":67,"y":23,"width":71,"height":121},"offset":{"x":19.5,"y":-11.5},"originalSize":{"width":166,"height":144},"rotated":false,"capInsets":[0,0,0,0],"vertices":{"rawPosition":[-35.5,-60.5,0,35.5,-60.5,0,-35.5,60.5,0,35.5,60.5,0],"indexes":[0,1,2,2,1,3],"uv":[67,121,138,121,67,0,138,0],"nuv":[0.4036144578313253,0,0.8313253012048193,0,0.4036144578313253,0.8402777777777778,0.8313253012048193,0.8402777777777778],"minPos":{"x":-35.5,"y":-60.5,"z":0},"maxPos":{"x":35.5,"y":60.5,"z":0}},"packable":true,"pixelsToUnit":100,"pivot":{"x":0.5,"y":0.5},"meshType":0}],[0],0,[0],[0],[26]],[[{"name":"ZombieDie_8","rect":{"x":1,"y":110,"width":153,"height":34},"offset":{"x":-5.5,"y":-55},"originalSize":{"width":166,"height":144},"rotated":false,"capInsets":[0,0,0,0],"vertices":{"rawPosition":[-76.5,-17,0,76.5,-17,0,-76.5,17,0,76.5,17,0],"indexes":[0,1,2,2,1,3],"uv":[1,34,154,34,1,0,154,0],"nuv":[0.006024096385542169,0,0.927710843373494,0,0.006024096385542169,0.2361111111111111,0.927710843373494,0.2361111111111111],"minPos":{"x":-76.5,"y":-17,"z":0},"maxPos":{"x":76.5,"y":17,"z":0}},"packable":true,"pixelsToUnit":100,"pivot":{"x":0.5,"y":0.5},"meshType":0}],[0],0,[0],[0],[27]],[[{"name":"ZombieLostHead_3","rect":{"x":85,"y":49,"width":57,"height":94},"offset":{"x":30.5,"y":-24},"originalSize":{"width":166,"height":144},"rotated":false,"capInsets":[0,0,0,0],"vertices":{"rawPosition":[-28.5,-47,0,28.5,-47,0,-28.5,47,0,28.5,47,0],"indexes":[0,1,2,2,1,3],"uv":[85,95,142,95,85,1,142,1],"nuv":[0.5120481927710844,0.006944444444444444,0.8554216867469879,0.006944444444444444,0.5120481927710844,0.6597222222222222,0.8554216867469879,0.6597222222222222],"minPos":{"x":-28.5,"y":-47,"z":0},"maxPos":{"x":28.5,"y":47,"z":0}},"packable":true,"pixelsToUnit":100,"pivot":{"x":0.5,"y":0.5},"meshType":0}],[0],0,[0],[0],[28]],[[{"name":"ZombieAttack_1","rect":{"x":65,"y":25,"width":85,"height":118},"offset":{"x":24.5,"y":-12},"originalSize":{"width":166,"height":144},"rotated":false,"capInsets":[0,0,0,0],"vertices":{"rawPosition":[-42.5,-59,0,42.5,-59,0,-42.5,59,0,42.5,59,0],"indexes":[0,1,2,2,1,3],"uv":[65,119,150,119,65,1,150,1],"nuv":[0.39156626506024095,0.006944444444444444,0.9036144578313253,0.006944444444444444,0.39156626506024095,0.8263888888888888,0.9036144578313253,0.8263888888888888],"minPos":{"x":-42.5,"y":-59,"z":0},"maxPos":{"x":42.5,"y":59,"z":0}},"packable":true,"pixelsToUnit":100,"pivot":{"x":0.5,"y":0.5},"meshType":0}],[0],0,[0],[0],[29]],[[{"name":"ZombieLostHead_11","rect":{"x":75,"y":50,"width":57,"height":94},"offset":{"x":20.5,"y":-25},"originalSize":{"width":166,"height":144},"rotated":false,"capInsets":[0,0,0,0],"vertices":{"rawPosition":[-28.5,-47,0,28.5,-47,0,-28.5,47,0,28.5,47,0],"indexes":[0,1,2,2,1,3],"uv":[75,94,132,94,75,0,132,0],"nuv":[0.45180722891566266,0,0.7951807228915663,0,0.45180722891566266,0.6527777777777778,0.7951807228915663,0.6527777777777778],"minPos":{"x":-28.5,"y":-47,"z":0},"maxPos":{"x":28.5,"y":47,"z":0}},"packable":true,"pixelsToUnit":100,"pivot":{"x":0.5,"y":0.5},"meshType":0}],[0],0,[0],[0],[30]],[[{"name":"ZombieLostHead_4","rect":{"x":82,"y":49,"width":63,"height":94},"offset":{"x":30.5,"y":-24},"originalSize":{"width":166,"height":144},"rotated":false,"capInsets":[0,0,0,0],"vertices":{"rawPosition":[-31.5,-47,0,31.5,-47,0,-31.5,47,0,31.5,47,0],"indexes":[0,1,2,2,1,3],"uv":[82,95,145,95,82,1,145,1],"nuv":[0.4939759036144578,0.006944444444444444,0.8734939759036144,0.006944444444444444,0.4939759036144578,0.6597222222222222,0.8734939759036144,0.6597222222222222],"minPos":{"x":-31.5,"y":-47,"z":0},"maxPos":{"x":31.5,"y":47,"z":0}},"packable":true,"pixelsToUnit":100,"pivot":{"x":0.5,"y":0.5},"meshType":0}],[0],0,[0],[0],[31]],[[{"name":"ZombieLostHead_13","rect":{"x":72,"y":49,"width":64,"height":95},"offset":{"x":21,"y":-24.5},"originalSize":{"width":166,"height":144},"rotated":false,"capInsets":[0,0,0,0],"vertices":{"rawPosition":[-32,-47.5,0,32,-47.5,0,-32,47.5,0,32,47.5,0],"indexes":[0,1,2,2,1,3],"uv":[72,95,136,95,72,0,136,0],"nuv":[0.43373493975903615,0,0.8192771084337349,0,0.43373493975903615,0.6597222222222222,0.8192771084337349,0.6597222222222222],"minPos":{"x":-32,"y":-47.5,"z":0},"maxPos":{"x":32,"y":47.5,"z":0}},"packable":true,"pixelsToUnit":100,"pivot":{"x":0.5,"y":0.5},"meshType":0}],[0],0,[0],[0],[32]],[[{"name":"ZombieLostHead_12","rect":{"x":74,"y":50,"width":60,"height":94},"offset":{"x":21,"y":-25},"originalSize":{"width":166,"height":144},"rotated":false,"capInsets":[0,0,0,0],"vertices":{"rawPosition":[-30,-47,0,30,-47,0,-30,47,0,30,47,0],"indexes":[0,1,2,2,1,3],"uv":[74,94,134,94,74,0,134,0],"nuv":[0.4457831325301205,0,0.8072289156626506,0,0.4457831325301205,0.6527777777777778,0.8072289156626506,0.6527777777777778],"minPos":{"x":-30,"y":-47,"z":0},"maxPos":{"x":30,"y":47,"z":0}},"packable":true,"pixelsToUnit":100,"pivot":{"x":0.5,"y":0.5},"meshType":0}],[0],0,[0],[0],[33]],[[{"name":"ZombieLostHead_18","rect":{"x":76,"y":51,"width":56,"height":93},"offset":{"x":21,"y":-25.5},"originalSize":{"width":166,"height":144},"rotated":false,"capInsets":[0,0,0,0],"vertices":{"rawPosition":[-28,-46.5,0,28,-46.5,0,-28,46.5,0,28,46.5,0],"indexes":[0,1,2,2,1,3],"uv":[76,93,132,93,76,0,132,0],"nuv":[0.4578313253012048,0,0.7951807228915663,0,0.4578313253012048,0.6458333333333334,0.7951807228915663,0.6458333333333334],"minPos":{"x":-28,"y":-46.5,"z":0},"maxPos":{"x":28,"y":46.5,"z":0}},"packable":true,"pixelsToUnit":100,"pivot":{"x":0.5,"y":0.5},"meshType":0}],[0],0,[0],[0],[34]],[[{"name":"ZombieDie_1","rect":{"x":100,"y":59,"width":53,"height":85},"offset":{"x":43.5,"y":-29.5},"originalSize":{"width":166,"height":144},"rotated":false,"capInsets":[0,0,0,0],"vertices":{"rawPosition":[-26.5,-42.5,0,26.5,-42.5,0,-26.5,42.5,0,26.5,42.5,0],"indexes":[0,1,2,2,1,3],"uv":[100,85,153,85,100,0,153,0],"nuv":[0.6024096385542169,0,0.9216867469879518,0,0.6024096385542169,0.5902777777777778,0.9216867469879518,0.5902777777777778],"minPos":{"x":-26.5,"y":-42.5,"z":0},"maxPos":{"x":26.5,"y":42.5,"z":0}},"packable":true,"pixelsToUnit":100,"pivot":{"x":0.5,"y":0.5},"meshType":0}],[0],0,[0],[0],[35]],[[{"name":"Zombie_9","rect":{"x":69,"y":22,"width":67,"height":121},"offset":{"x":19.5,"y":-10.5},"originalSize":{"width":166,"height":144},"rotated":false,"capInsets":[0,0,0,0],"vertices":{"rawPosition":[-33.5,-60.5,0,33.5,-60.5,0,-33.5,60.5,0,33.5,60.5,0],"indexes":[0,1,2,2,1,3],"uv":[69,122,136,122,69,1,136,1],"nuv":[0.41566265060240964,0.006944444444444444,0.8192771084337349,0.006944444444444444,0.41566265060240964,0.8472222222222222,0.8192771084337349,0.8472222222222222],"minPos":{"x":-33.5,"y":-60.5,"z":0},"maxPos":{"x":33.5,"y":60.5,"z":0}},"packable":true,"pixelsToUnit":100,"pivot":{"x":0.5,"y":0.5},"meshType":0}],[0],0,[0],[0],[36]],[[{"name":"ZombieDie_5","rect":{"x":32,"y":79,"width":114,"height":65},"offset":{"x":6,"y":-39.5},"originalSize":{"width":166,"height":144},"rotated":false,"capInsets":[0,0,0,0],"vertices":{"rawPosition":[-57,-32.5,0,57,-32.5,0,-57,32.5,0,57,32.5,0],"indexes":[0,1,2,2,1,3],"uv":[32,65,146,65,32,0,146,0],"nuv":[0.1927710843373494,0,0.8795180722891566,0,0.1927710843373494,0.4513888888888889,0.8795180722891566,0.4513888888888889],"minPos":{"x":-57,"y":-32.5,"z":0},"maxPos":{"x":57,"y":32.5,"z":0}},"packable":true,"pixelsToUnit":100,"pivot":{"x":0.5,"y":0.5},"meshType":0}],[0],0,[0],[0],[37]],[[{"name":"ZombieAttack_18","rect":{"x":73,"y":25,"width":77,"height":118},"offset":{"x":28.5,"y":-12},"originalSize":{"width":166,"height":144},"rotated":false,"capInsets":[0,0,0,0],"vertices":{"rawPosition":[-38.5,-59,0,38.5,-59,0,-38.5,59,0,38.5,59,0],"indexes":[0,1,2,2,1,3],"uv":[73,119,150,119,73,1,150,1],"nuv":[0.4397590361445783,0.006944444444444444,0.9036144578313253,0.006944444444444444,0.4397590361445783,0.8263888888888888,0.9036144578313253,0.8263888888888888],"minPos":{"x":-38.5,"y":-59,"z":0},"maxPos":{"x":38.5,"y":59,"z":0}},"packable":true,"pixelsToUnit":100,"pivot":{"x":0.5,"y":0.5},"meshType":0}],[0],0,[0],[0],[38]],[[{"name":"ZombieLostHead_8","rect":{"x":87,"y":51,"width":57,"height":92},"offset":{"x":32.5,"y":-25},"originalSize":{"width":166,"height":144},"rotated":false,"capInsets":[0,0,0,0],"vertices":{"rawPosition":[-28.5,-46,0,28.5,-46,0,-28.5,46,0,28.5,46,0],"indexes":[0,1,2,2,1,3],"uv":[87,93,144,93,87,1,144,1],"nuv":[0.5240963855421686,0.006944444444444444,0.8674698795180723,0.006944444444444444,0.5240963855421686,0.6458333333333334,0.8674698795180723,0.6458333333333334],"minPos":{"x":-28.5,"y":-46,"z":0},"maxPos":{"x":28.5,"y":46,"z":0}},"packable":true,"pixelsToUnit":100,"pivot":{"x":0.5,"y":0.5},"meshType":0}],[0],0,[0],[0],[39]],[[{"name":"ZombieLostHead_16","rect":{"x":82,"y":53,"width":59,"height":91},"offset":{"x":28.5,"y":-26.5},"originalSize":{"width":166,"height":144},"rotated":false,"capInsets":[0,0,0,0],"vertices":{"rawPosition":[-29.5,-45.5,0,29.5,-45.5,0,-29.5,45.5,0,29.5,45.5,0],"indexes":[0,1,2,2,1,3],"uv":[82,91,141,91,82,0,141,0],"nuv":[0.4939759036144578,0,0.8493975903614458,0,0.4939759036144578,0.6319444444444444,0.8493975903614458,0.6319444444444444],"minPos":{"x":-29.5,"y":-45.5,"z":0},"maxPos":{"x":29.5,"y":45.5,"z":0}},"packable":true,"pixelsToUnit":100,"pivot":{"x":0.5,"y":0.5},"meshType":0}],[0],0,[0],[0],[40]],[[{"name":"ZombieDie_10","rect":{"x":0,"y":113,"width":165,"height":31},"offset":{"x":-0.5,"y":-56.5},"originalSize":{"width":166,"height":144},"rotated":false,"capInsets":[0,0,0,0],"vertices":{"rawPosition":[-82.5,-15.5,0,82.5,-15.5,0,-82.5,15.5,0,82.5,15.5,0],"indexes":[0,1,2,2,1,3],"uv":[0,31,165,31,0,0,165,0],"nuv":[0,0,0.9939759036144579,0,0,0.2152777777777778,0.9939759036144579,0.2152777777777778],"minPos":{"x":-82.5,"y":-15.5,"z":0},"maxPos":{"x":82.5,"y":15.5,"z":0}},"packable":true,"pixelsToUnit":100,"pivot":{"x":0.5,"y":0.5},"meshType":0}],[0],0,[0],[0],[41]],[[{"name":"ZombieAttack_5","rect":{"x":69,"y":23,"width":81,"height":121},"offset":{"x":26.5,"y":-11.5},"originalSize":{"width":166,"height":144},"rotated":false,"capInsets":[0,0,0,0],"vertices":{"rawPosition":[-40.5,-60.5,0,40.5,-60.5,0,-40.5,60.5,0,40.5,60.5,0],"indexes":[0,1,2,2,1,3],"uv":[69,121,150,121,69,0,150,0],"nuv":[0.41566265060240964,0,0.9036144578313253,0,0.41566265060240964,0.8402777777777778,0.9036144578313253,0.8402777777777778],"minPos":{"x":-40.5,"y":-60.5,"z":0},"maxPos":{"x":40.5,"y":60.5,"z":0}},"packable":true,"pixelsToUnit":100,"pivot":{"x":0.5,"y":0.5},"meshType":0}],[0],0,[0],[0],[42]],[[{"name":"ZombieDie_3","rect":{"x":77,"y":78,"width":68,"height":66},"offset":{"x":28,"y":-39},"originalSize":{"width":166,"height":144},"rotated":false,"capInsets":[0,0,0,0],"vertices":{"rawPosition":[-34,-33,0,34,-33,0,-34,33,0,34,33,0],"indexes":[0,1,2,2,1,3],"uv":[77,66,145,66,77,0,145,0],"nuv":[0.463855421686747,0,0.8734939759036144,0,0.463855421686747,0.4583333333333333,0.8734939759036144,0.4583333333333333],"minPos":{"x":-34,"y":-33,"z":0},"maxPos":{"x":34,"y":33,"z":0}},"packable":true,"pixelsToUnit":100,"pivot":{"x":0.5,"y":0.5},"meshType":0}],[0],0,[0],[0],[43]],[[{"name":"ZombieLostHead_7","rect":{"x":83,"y":50,"width":67,"height":93},"offset":{"x":33.5,"y":-24.5},"originalSize":{"width":166,"height":144},"rotated":false,"capInsets":[0,0,0,0],"vertices":{"rawPosition":[-33.5,-46.5,0,33.5,-46.5,0,-33.5,46.5,0,33.5,46.5,0],"indexes":[0,1,2,2,1,3],"uv":[83,94,150,94,83,1,150,1],"nuv":[0.5,0.006944444444444444,0.9036144578313253,0.006944444444444444,0.5,0.6527777777777778,0.9036144578313253,0.6527777777777778],"minPos":{"x":-33.5,"y":-46.5,"z":0},"maxPos":{"x":33.5,"y":46.5,"z":0}},"packable":true,"pixelsToUnit":100,"pivot":{"x":0.5,"y":0.5},"meshType":0}],[0],0,[0],[0],[44]],[[{"name":"ZombieDie_6","rect":{"x":20,"y":81,"width":126,"height":63},"offset":{"x":0,"y":-40.5},"originalSize":{"width":166,"height":144},"rotated":false,"capInsets":[0,0,0,0],"vertices":{"rawPosition":[-63,-31.5,0,63,-31.5,0,-63,31.5,0,63,31.5,0],"indexes":[0,1,2,2,1,3],"uv":[20,63,146,63,20,0,146,0],"nuv":[0.12048192771084337,0,0.8795180722891566,0,0.12048192771084337,0.4375,0.8795180722891566,0.4375],"minPos":{"x":-63,"y":-31.5,"z":0},"maxPos":{"x":63,"y":31.5,"z":0}},"packable":true,"pixelsToUnit":100,"pivot":{"x":0.5,"y":0.5},"meshType":0}],[0],0,[0],[0],[45]],[[{"name":"ZombieLostHeadAttack_5","rect":{"x":67,"y":51,"width":82,"height":93},"offset":{"x":25,"y":-25.5},"originalSize":{"width":166,"height":144},"rotated":false,"capInsets":[0,0,0,0],"vertices":{"rawPosition":[-41,-46.5,0,41,-46.5,0,-41,46.5,0,41,46.5,0],"indexes":[0,1,2,2,1,3],"uv":[67,93,149,93,67,0,149,0],"nuv":[0.4036144578313253,0,0.8975903614457831,0,0.4036144578313253,0.6458333333333334,0.8975903614457831,0.6458333333333334],"minPos":{"x":-41,"y":-46.5,"z":0},"maxPos":{"x":41,"y":46.5,"z":0}},"packable":true,"pixelsToUnit":100,"pivot":{"x":0.5,"y":0.5},"meshType":0}],[0],0,[0],[0],[46]],[[{"name":"Zombie_21","rect":{"x":66,"y":20,"width":78,"height":122},"offset":{"x":22,"y":-9},"originalSize":{"width":166,"height":144},"rotated":false,"capInsets":[0,0,0,0],"vertices":{"rawPosition":[-39,-61,0,39,-61,0,-39,61,0,39,61,0],"indexes":[0,1,2,2,1,3],"uv":[66,124,144,124,66,2,144,2],"nuv":[0.39759036144578314,0.013888888888888888,0.8674698795180723,0.013888888888888888,0.39759036144578314,0.8611111111111112,0.8674698795180723,0.8611111111111112],"minPos":{"x":-39,"y":-61,"z":0},"maxPos":{"x":39,"y":61,"z":0}},"packable":true,"pixelsToUnit":100,"pivot":{"x":0.5,"y":0.5},"meshType":0}],[0],0,[0],[0],[47]],[[{"name":"ZombieAttack_2","rect":{"x":63,"y":26,"width":87,"height":117},"offset":{"x":23.5,"y":-12.5},"originalSize":{"width":166,"height":144},"rotated":false,"capInsets":[0,0,0,0],"vertices":{"rawPosition":[-43.5,-58.5,0,43.5,-58.5,0,-43.5,58.5,0,43.5,58.5,0],"indexes":[0,1,2,2,1,3],"uv":[63,118,150,118,63,1,150,1],"nuv":[0.3795180722891566,0.006944444444444444,0.9036144578313253,0.006944444444444444,0.3795180722891566,0.8194444444444444,0.9036144578313253,0.8194444444444444],"minPos":{"x":-43.5,"y":-58.5,"z":0},"maxPos":{"x":43.5,"y":58.5,"z":0}},"packable":true,"pixelsToUnit":100,"pivot":{"x":0.5,"y":0.5},"meshType":0}],[0],0,[0],[0],[48]],[[{"name":"ZombieLostHead_2","rect":{"x":83,"y":49,"width":54,"height":95},"offset":{"x":27,"y":-24.5},"originalSize":{"width":166,"height":144},"rotated":false,"capInsets":[0,0,0,0],"vertices":{"rawPosition":[-27,-47.5,0,27,-47.5,0,-27,47.5,0,27,47.5,0],"indexes":[0,1,2,2,1,3],"uv":[83,95,137,95,83,0,137,0],"nuv":[0.5,0,0.8253012048192772,0,0.5,0.6597222222222222,0.8253012048192772,0.6597222222222222],"minPos":{"x":-27,"y":-47.5,"z":0},"maxPos":{"x":27,"y":47.5,"z":0}},"packable":true,"pixelsToUnit":100,"pivot":{"x":0.5,"y":0.5},"meshType":0}],[0],0,[0],[0],[49]],[[{"name":"ZombieLostHeadAttack_3","rect":{"x":60,"y":52,"width":89,"height":92},"offset":{"x":21.5,"y":-26},"originalSize":{"width":166,"height":144},"rotated":false,"capInsets":[0,0,0,0],"vertices":{"rawPosition":[-44.5,-46,0,44.5,-46,0,-44.5,46,0,44.5,46,0],"indexes":[0,1,2,2,1,3],"uv":[60,92,149,92,60,0,149,0],"nuv":[0.3614457831325301,0,0.8975903614457831,0,0.3614457831325301,0.6388888888888888,0.8975903614457831,0.6388888888888888],"minPos":{"x":-44.5,"y":-46,"z":0},"maxPos":{"x":44.5,"y":46,"z":0}},"packable":true,"pixelsToUnit":100,"pivot":{"x":0.5,"y":0.5},"meshType":0}],[0],0,[0],[0],[50]],[[{"name":"ZombieDie_7","rect":{"x":4,"y":96,"width":140,"height":47},"offset":{"x":-9,"y":-47.5},"originalSize":{"width":166,"height":144},"rotated":false,"capInsets":[0,0,0,0],"vertices":{"rawPosition":[-70,-23.5,0,70,-23.5,0,-70,23.5,0,70,23.5,0],"indexes":[0,1,2,2,1,3],"uv":[4,48,144,48,4,1,144,1],"nuv":[0.024096385542168676,0.006944444444444444,0.8674698795180723,0.006944444444444444,0.024096385542168676,0.3333333333333333,0.8674698795180723,0.3333333333333333],"minPos":{"x":-70,"y":-23.5,"z":0},"maxPos":{"x":70,"y":23.5,"z":0}},"packable":true,"pixelsToUnit":100,"pivot":{"x":0.5,"y":0.5},"meshType":0}],[0],0,[0],[0],[51]],[[{"name":"Zombie_4","rect":{"x":63,"y":27,"width":85,"height":116},"offset":{"x":22.5,"y":-13},"originalSize":{"width":166,"height":144},"rotated":false,"capInsets":[0,0,0,0],"vertices":{"rawPosition":[-42.5,-58,0,42.5,-58,0,-42.5,58,0,42.5,58,0],"indexes":[0,1,2,2,1,3],"uv":[63,117,148,117,63,1,148,1],"nuv":[0.3795180722891566,0.006944444444444444,0.891566265060241,0.006944444444444444,0.3795180722891566,0.8125,0.891566265060241,0.8125],"minPos":{"x":-42.5,"y":-58,"z":0},"maxPos":{"x":42.5,"y":58,"z":0}},"packable":true,"pixelsToUnit":100,"pivot":{"x":0.5,"y":0.5},"meshType":0}],[0],0,[0],[0],[52]],[[{"name":"Zombie_22","rect":{"x":65,"y":21,"width":80,"height":121},"offset":{"x":22,"y":-9.5},"originalSize":{"width":166,"height":144},"rotated":false,"capInsets":[0,0,0,0],"vertices":{"rawPosition":[-40,-60.5,0,40,-60.5,0,-40,60.5,0,40,60.5,0],"indexes":[0,1,2,2,1,3],"uv":[65,123,145,123,65,2,145,2],"nuv":[0.39156626506024095,0.013888888888888888,0.8734939759036144,0.013888888888888888,0.39156626506024095,0.8541666666666666,0.8734939759036144,0.8541666666666666],"minPos":{"x":-40,"y":-60.5,"z":0},"maxPos":{"x":40,"y":60.5,"z":0}},"packable":true,"pixelsToUnit":100,"pivot":{"x":0.5,"y":0.5},"meshType":0}],[0],0,[0],[0],[53]],[[{"name":"ZombieAttack_6","rect":{"x":71,"y":24,"width":79,"height":120},"offset":{"x":27.5,"y":-12},"originalSize":{"width":166,"height":144},"rotated":false,"capInsets":[0,0,0,0],"vertices":{"rawPosition":[-39.5,-60,0,39.5,-60,0,-39.5,60,0,39.5,60,0],"indexes":[0,1,2,2,1,3],"uv":[71,120,150,120,71,0,150,0],"nuv":[0.42771084337349397,0,0.9036144578313253,0,0.42771084337349397,0.8333333333333334,0.9036144578313253,0.8333333333333334],"minPos":{"x":-39.5,"y":-60,"z":0},"maxPos":{"x":39.5,"y":60,"z":0}},"packable":true,"pixelsToUnit":100,"pivot":{"x":0.5,"y":0.5},"meshType":0}],[0],0,[0],[0],[54]],[[{"name":"ZombieLostHead_9","rect":{"x":84,"y":51,"width":56,"height":93},"offset":{"x":29,"y":-25.5},"originalSize":{"width":166,"height":144},"rotated":false,"capInsets":[0,0,0,0],"vertices":{"rawPosition":[-28,-46.5,0,28,-46.5,0,-28,46.5,0,28,46.5,0],"indexes":[0,1,2,2,1,3],"uv":[84,93,140,93,84,0,140,0],"nuv":[0.5060240963855421,0,0.8433734939759037,0,0.5060240963855421,0.6458333333333334,0.8433734939759037,0.6458333333333334],"minPos":{"x":-28,"y":-46.5,"z":0},"maxPos":{"x":28,"y":46.5,"z":0}},"packable":true,"pixelsToUnit":100,"pivot":{"x":0.5,"y":0.5},"meshType":0}],[0],0,[0],[0],[55]],[[{"name":"Zombie_12","rect":{"x":67,"y":24,"width":70,"height":118},"offset":{"x":19,"y":-11},"originalSize":{"width":166,"height":144},"rotated":false,"capInsets":[0,0,0,0],"vertices":{"rawPosition":[-35,-59,0,35,-59,0,-35,59,0,35,59,0],"indexes":[0,1,2,2,1,3],"uv":[67,120,137,120,67,2,137,2],"nuv":[0.4036144578313253,0.013888888888888888,0.8253012048192772,0.013888888888888888,0.4036144578313253,0.8333333333333334,0.8253012048192772,0.8333333333333334],"minPos":{"x":-35,"y":-59,"z":0},"maxPos":{"x":35,"y":59,"z":0}},"packable":true,"pixelsToUnit":100,"pivot":{"x":0.5,"y":0.5},"meshType":0}],[0],0,[0],[0],[56]],[[{"name":"ZombieDie_2","rect":{"x":80,"y":81,"width":65,"height":63},"offset":{"x":29.5,"y":-40.5},"originalSize":{"width":166,"height":144},"rotated":false,"capInsets":[0,0,0,0],"vertices":{"rawPosition":[-32.5,-31.5,0,32.5,-31.5,0,-32.5,31.5,0,32.5,31.5,0],"indexes":[0,1,2,2,1,3],"uv":[80,63,145,63,80,0,145,0],"nuv":[0.4819277108433735,0,0.8734939759036144,0,0.4819277108433735,0.4375,0.8734939759036144,0.4375],"minPos":{"x":-32.5,"y":-31.5,"z":0},"maxPos":{"x":32.5,"y":31.5,"z":0}},"packable":true,"pixelsToUnit":100,"pivot":{"x":0.5,"y":0.5},"meshType":0}],[0],0,[0],[0],[57]],[[{"name":"ZombieAttack_10","rect":{"x":63,"y":24,"width":87,"height":120},"offset":{"x":23.5,"y":-12},"originalSize":{"width":166,"height":144},"rotated":false,"capInsets":[0,0,0,0],"vertices":{"rawPosition":[-43.5,-60,0,43.5,-60,0,-43.5,60,0,43.5,60,0],"indexes":[0,1,2,2,1,3],"uv":[63,120,150,120,63,0,150,0],"nuv":[0.3795180722891566,0,0.9036144578313253,0,0.3795180722891566,0.8333333333333334,0.9036144578313253,0.8333333333333334],"minPos":{"x":-43.5,"y":-60,"z":0},"maxPos":{"x":43.5,"y":60,"z":0}},"packable":true,"pixelsToUnit":100,"pivot":{"x":0.5,"y":0.5},"meshType":0}],[0],0,[0],[0],[58]],[[{"name":"ZombieLostHead_5","rect":{"x":79,"y":50,"width":71,"height":93},"offset":{"x":31.5,"y":-24.5},"originalSize":{"width":166,"height":144},"rotated":false,"capInsets":[0,0,0,0],"vertices":{"rawPosition":[-35.5,-46.5,0,35.5,-46.5,0,-35.5,46.5,0,35.5,46.5,0],"indexes":[0,1,2,2,1,3],"uv":[79,94,150,94,79,1,150,1],"nuv":[0.4759036144578313,0.006944444444444444,0.9036144578313253,0.006944444444444444,0.4759036144578313,0.6527777777777778,0.9036144578313253,0.6527777777777778],"minPos":{"x":-35.5,"y":-46.5,"z":0},"maxPos":{"x":35.5,"y":46.5,"z":0}},"packable":true,"pixelsToUnit":100,"pivot":{"x":0.5,"y":0.5},"meshType":0}],[0],0,[0],[0],[59]],[[{"name":"Zombie_16","rect":{"x":64,"y":27,"width":76,"height":115},"offset":{"x":19,"y":-12.5},"originalSize":{"width":166,"height":144},"rotated":false,"capInsets":[0,0,0,0],"vertices":{"rawPosition":[-38,-57.5,0,38,-57.5,0,-38,57.5,0,38,57.5,0],"indexes":[0,1,2,2,1,3],"uv":[64,117,140,117,64,2,140,2],"nuv":[0.3855421686746988,0.013888888888888888,0.8433734939759037,0.013888888888888888,0.3855421686746988,0.8125,0.8433734939759037,0.8125],"minPos":{"x":-38,"y":-57.5,"z":0},"maxPos":{"x":38,"y":57.5,"z":0}},"packable":true,"pixelsToUnit":100,"pivot":{"x":0.5,"y":0.5},"meshType":0}],[0],0,[0],[0],[60]],[[{"name":"Zombie_13","rect":{"x":64,"y":26,"width":75,"height":116},"offset":{"x":18.5,"y":-12},"originalSize":{"width":166,"height":144},"rotated":false,"capInsets":[0,0,0,0],"vertices":{"rawPosition":[-37.5,-58,0,37.5,-58,0,-37.5,58,0,37.5,58,0],"indexes":[0,1,2,2,1,3],"uv":[64,118,139,118,64,2,139,2],"nuv":[0.3855421686746988,0.013888888888888888,0.8373493975903614,0.013888888888888888,0.3855421686746988,0.8194444444444444,0.8373493975903614,0.8194444444444444],"minPos":{"x":-37.5,"y":-58,"z":0},"maxPos":{"x":37.5,"y":58,"z":0}},"packable":true,"pixelsToUnit":100,"pivot":{"x":0.5,"y":0.5},"meshType":0}],[0],0,[0],[0],[61]],[[{"name":"ZombieAttack_8","rect":{"x":66,"y":27,"width":84,"height":116},"offset":{"x":25,"y":-13},"originalSize":{"width":166,"height":144},"rotated":false,"capInsets":[0,0,0,0],"vertices":{"rawPosition":[-42,-58,0,42,-58,0,-42,58,0,42,58,0],"indexes":[0,1,2,2,1,3],"uv":[66,117,150,117,66,1,150,1],"nuv":[0.39759036144578314,0.006944444444444444,0.9036144578313253,0.006944444444444444,0.39759036144578314,0.8125,0.9036144578313253,0.8125],"minPos":{"x":-42,"y":-58,"z":0},"maxPos":{"x":42,"y":58,"z":0}},"packable":true,"pixelsToUnit":100,"pivot":{"x":0.5,"y":0.5},"meshType":0}],[0],0,[0],[0],[62]],[[{"name":"Zombie_19","rect":{"x":65,"y":22,"width":72,"height":120},"offset":{"x":18,"y":-10},"originalSize":{"width":166,"height":144},"rotated":false,"capInsets":[0,0,0,0],"vertices":{"rawPosition":[-36,-60,0,36,-60,0,-36,60,0,36,60,0],"indexes":[0,1,2,2,1,3],"uv":[65,122,137,122,65,2,137,2],"nuv":[0.39156626506024095,0.013888888888888888,0.8253012048192772,0.013888888888888888,0.39156626506024095,0.8472222222222222,0.8253012048192772,0.8472222222222222],"minPos":{"x":-36,"y":-60,"z":0},"maxPos":{"x":36,"y":60,"z":0}},"packable":true,"pixelsToUnit":100,"pivot":{"x":0.5,"y":0.5},"meshType":0}],[0],0,[0],[0],[63]],[[{"name":"ZombieAttack_9","rect":{"x":63,"y":25,"width":87,"height":119},"offset":{"x":23.5,"y":-12.5},"originalSize":{"width":166,"height":144},"rotated":false,"capInsets":[0,0,0,0],"vertices":{"rawPosition":[-43.5,-59.5,0,43.5,-59.5,0,-43.5,59.5,0,43.5,59.5,0],"indexes":[0,1,2,2,1,3],"uv":[63,119,150,119,63,0,150,0],"nuv":[0.3795180722891566,0,0.9036144578313253,0,0.3795180722891566,0.8263888888888888,0.9036144578313253,0.8263888888888888],"minPos":{"x":-43.5,"y":-59.5,"z":0},"maxPos":{"x":43.5,"y":59.5,"z":0}},"packable":true,"pixelsToUnit":100,"pivot":{"x":0.5,"y":0.5},"meshType":0}],[0],0,[0],[0],[64]],[[{"name":"Zombie_20","rect":{"x":65,"y":22,"width":73,"height":120},"offset":{"x":18.5,"y":-10},"originalSize":{"width":166,"height":144},"rotated":false,"capInsets":[0,0,0,0],"vertices":{"rawPosition":[-36.5,-60,0,36.5,-60,0,-36.5,60,0,36.5,60,0],"indexes":[0,1,2,2,1,3],"uv":[65,122,138,122,65,2,138,2],"nuv":[0.39156626506024095,0.013888888888888888,0.8313253012048193,0.013888888888888888,0.39156626506024095,0.8472222222222222,0.8313253012048193,0.8472222222222222],"minPos":{"x":-36.5,"y":-60,"z":0},"maxPos":{"x":36.5,"y":60,"z":0}},"packable":true,"pixelsToUnit":100,"pivot":{"x":0.5,"y":0.5},"meshType":0}],[0],0,[0],[0],[65]],[[{"name":"Zombie_6","rect":{"x":65,"y":25,"width":75,"height":119},"offset":{"x":19.5,"y":-12.5},"originalSize":{"width":166,"height":144},"rotated":false,"capInsets":[0,0,0,0],"vertices":{"rawPosition":[-37.5,-59.5,0,37.5,-59.5,0,-37.5,59.5,0,37.5,59.5,0],"indexes":[0,1,2,2,1,3],"uv":[65,119,140,119,65,0,140,0],"nuv":[0.39156626506024095,0,0.8433734939759037,0,0.39156626506024095,0.8263888888888888,0.8433734939759037,0.8263888888888888],"minPos":{"x":-37.5,"y":-59.5,"z":0},"maxPos":{"x":37.5,"y":59.5,"z":0}},"packable":true,"pixelsToUnit":100,"pivot":{"x":0.5,"y":0.5},"meshType":0}],[0],0,[0],[0],[66]],[[{"name":"ZombieAttack_16","rect":{"x":67,"y":23,"width":83,"height":121},"offset":{"x":25.5,"y":-11.5},"originalSize":{"width":166,"height":144},"rotated":false,"capInsets":[0,0,0,0],"vertices":{"rawPosition":[-41.5,-60.5,0,41.5,-60.5,0,-41.5,60.5,0,41.5,60.5,0],"indexes":[0,1,2,2,1,3],"uv":[67,121,150,121,67,0,150,0],"nuv":[0.4036144578313253,0,0.9036144578313253,0,0.4036144578313253,0.8402777777777778,0.9036144578313253,0.8402777777777778],"minPos":{"x":-41.5,"y":-60.5,"z":0},"maxPos":{"x":41.5,"y":60.5,"z":0}},"packable":true,"pixelsToUnit":100,"pivot":{"x":0.5,"y":0.5},"meshType":0}],[0],0,[0],[0],[67]],[[{"name":"Zombie_17","rect":{"x":65,"y":24,"width":72,"height":118},"offset":{"x":18,"y":-11},"originalSize":{"width":166,"height":144},"rotated":false,"capInsets":[0,0,0,0],"vertices":{"rawPosition":[-36,-59,0,36,-59,0,-36,59,0,36,59,0],"indexes":[0,1,2,2,1,3],"uv":[65,120,137,120,65,2,137,2],"nuv":[0.39156626506024095,0.013888888888888888,0.8253012048192772,0.013888888888888888,0.39156626506024095,0.8333333333333334,0.8253012048192772,0.8333333333333334],"minPos":{"x":-36,"y":-59,"z":0},"maxPos":{"x":36,"y":59,"z":0}},"packable":true,"pixelsToUnit":100,"pivot":{"x":0.5,"y":0.5},"meshType":0}],[0],0,[0],[0],[68]],[[{"name":"ZombieAttack_17","rect":{"x":71,"y":24,"width":79,"height":120},"offset":{"x":27.5,"y":-12},"originalSize":{"width":166,"height":144},"rotated":false,"capInsets":[0,0,0,0],"vertices":{"rawPosition":[-39.5,-60,0,39.5,-60,0,-39.5,60,0,39.5,60,0],"indexes":[0,1,2,2,1,3],"uv":[71,120,150,120,71,0,150,0],"nuv":[0.42771084337349397,0,0.9036144578313253,0,0.42771084337349397,0.8333333333333334,0.9036144578313253,0.8333333333333334],"minPos":{"x":-39.5,"y":-60,"z":0},"maxPos":{"x":39.5,"y":60,"z":0}},"packable":true,"pixelsToUnit":100,"pivot":{"x":0.5,"y":0.5},"meshType":0}],[0],0,[0],[0],[69]],[[{"name":"ZombieAttack_15","rect":{"x":63,"y":24,"width":87,"height":120},"offset":{"x":23.5,"y":-12},"originalSize":{"width":166,"height":144},"rotated":false,"capInsets":[0,0,0,0],"vertices":{"rawPosition":[-43.5,-60,0,43.5,-60,0,-43.5,60,0,43.5,60,0],"indexes":[0,1,2,2,1,3],"uv":[63,120,150,120,63,0,150,0],"nuv":[0.3795180722891566,0,0.9036144578313253,0,0.3795180722891566,0.8333333333333334,0.9036144578313253,0.8333333333333334],"minPos":{"x":-43.5,"y":-60,"z":0},"maxPos":{"x":43.5,"y":60,"z":0}},"packable":true,"pixelsToUnit":100,"pivot":{"x":0.5,"y":0.5},"meshType":0}],[0],0,[0],[0],[70]],[[{"name":"ZombieLostHeadAttack_2","rect":{"x":65,"y":53,"width":84,"height":91},"offset":{"x":24,"y":-26.5},"originalSize":{"width":166,"height":144},"rotated":false,"capInsets":[0,0,0,0],"vertices":{"rawPosition":[-42,-45.5,0,42,-45.5,0,-42,45.5,0,42,45.5,0],"indexes":[0,1,2,2,1,3],"uv":[65,91,149,91,65,0,149,0],"nuv":[0.39156626506024095,0,0.8975903614457831,0,0.39156626506024095,0.6319444444444444,0.8975903614457831,0.6319444444444444],"minPos":{"x":-42,"y":-45.5,"z":0},"maxPos":{"x":42,"y":45.5,"z":0}},"packable":true,"pixelsToUnit":100,"pivot":{"x":0.5,"y":0.5},"meshType":0}],[0],0,[0],[0],[71]],[[[22,[[23,[24,[-22,-23,-24,-25,-26,-27,-28,-29],[[25,-5,-4],[4,0,-7,-6,[[9,[6,"isAttacking"]]],[0],[0]],[4,0,-9,-8,[[10,1,[6,"isAttacking"]]],[0],[0]],[5,-11,-10,[[11,3,0.5,[7,"HPPercent"]]],[0],[0]],[5,-13,-12,[[11,3,0.5,[7,"HPPercent"]]],[0],[0]],[5,-15,-14,[[12,3,[7,"HPPercent"]]],[0],[0]],[5,-17,-16,[[12,3,[26]]],[0],[0]],[4,0,-19,-18,[[9,[6,"isAttacking"]]],[0],[0]],[4,0,-21,-20,[[10,1,[6,"isAttacking"]]],[0],[0]]],-3,-2,-1]]],[{},"isAttacking",4,[27,1,false],"HPPercent",4,[28,1]]],[2,"Move",[3,0],[0],[0]],[2,"LostHeadEat",[3,3],[0],[0]],[2,"LostHeadMove",[3,4],[0],[0]],[2,"Eat",[3,2],[0],[0]],[8,"Entry"],[2,"Die",[3,1],[0],[0]],[8,"Exit"],[8,"Any"]],0,[0,10,8,0,11,7,0,12,5,0,1,1,0,2,5,0,1,4,0,2,1,0,1,1,0,2,4,0,1,3,0,2,1,0,1,2,0,2,4,0,1,6,0,2,3,0,1,6,0,2,2,0,1,2,0,2,3,0,1,3,0,2,2,0,-1,5,0,-2,7,0,-3,8,0,-4,1,0,-5,6,0,-6,4,0,-7,2,0,-8,3,29],[0,0,0,0,0],[4,4,4,4,4],[72,73,74,75,76]],[[{"name":"ZombieLostHead_17","rect":{"x":79,"y":52,"width":57,"height":92},"offset":{"x":24.5,"y":-26},"originalSize":{"width":166,"height":144},"rotated":false,"capInsets":[0,0,0,0],"vertices":{"rawPosition":[-28.5,-46,0,28.5,-46,0,-28.5,46,0,28.5,46,0],"indexes":[0,1,2,2,1,3],"uv":[79,92,136,92,79,0,136,0],"nuv":[0.4759036144578313,0,0.8192771084337349,0,0.4759036144578313,0.6388888888888888,0.8192771084337349,0.6388888888888888],"minPos":{"x":-28.5,"y":-46,"z":0},"maxPos":{"x":28.5,"y":46,"z":0}},"packable":true,"pixelsToUnit":100,"pivot":{"x":0.5,"y":0.5},"meshType":0}],[0],0,[0],[0],[77]],[[{"name":"ZombieLostHeadAttack_4","rect":{"x":66,"y":51,"width":83,"height":93},"offset":{"x":24.5,"y":-25.5},"originalSize":{"width":166,"height":144},"rotated":false,"capInsets":[0,0,0,0],"vertices":{"rawPosition":[-41.5,-46.5,0,41.5,-46.5,0,-41.5,46.5,0,41.5,46.5,0],"indexes":[0,1,2,2,1,3],"uv":[66,93,149,93,66,0,149,0],"nuv":[0.39759036144578314,0,0.8975903614457831,0,0.39759036144578314,0.6458333333333334,0.8975903614457831,0.6458333333333334],"minPos":{"x":-41.5,"y":-46.5,"z":0},"maxPos":{"x":41.5,"y":46.5,"z":0}},"packable":true,"pixelsToUnit":100,"pivot":{"x":0.5,"y":0.5},"meshType":0}],[0],0,[0],[0],[78]],[[{"name":"ZombieLostHeadAttack_7","rect":{"x":62,"y":53,"width":88,"height":91},"offset":{"x":23,"y":-26.5},"originalSize":{"width":166,"height":144},"rotated":false,"capInsets":[0,0,0,0],"vertices":{"rawPosition":[-44,-45.5,0,44,-45.5,0,-44,45.5,0,44,45.5,0],"indexes":[0,1,2,2,1,3],"uv":[62,91,150,91,62,0,150,0],"nuv":[0.37349397590361444,0,0.9036144578313253,0,0.37349397590361444,0.6319444444444444,0.9036144578313253,0.6319444444444444],"minPos":{"x":-44,"y":-45.5,"z":0},"maxPos":{"x":44,"y":45.5,"z":0}},"packable":true,"pixelsToUnit":100,"pivot":{"x":0.5,"y":0.5},"meshType":0}],[0],0,[0],[0],[79]],[[{"name":"ZombieAttack_20","rect":{"x":63,"y":26,"width":87,"height":118},"offset":{"x":23.5,"y":-13},"originalSize":{"width":166,"height":144},"rotated":false,"capInsets":[0,0,0,0],"vertices":{"rawPosition":[-43.5,-59,0,43.5,-59,0,-43.5,59,0,43.5,59,0],"indexes":[0,1,2,2,1,3],"uv":[63,118,150,118,63,0,150,0],"nuv":[0.3795180722891566,0,0.9036144578313253,0,0.3795180722891566,0.8194444444444444,0.9036144578313253,0.8194444444444444],"minPos":{"x":-43.5,"y":-59,"z":0},"maxPos":{"x":43.5,"y":59,"z":0}},"packable":true,"pixelsToUnit":100,"pivot":{"x":0.5,"y":0.5},"meshType":0}],[0],0,[0],[0],[80]],[[{"name":"ZombieLostHeadAttack_6","rect":{"x":64,"y":53,"width":86,"height":91},"offset":{"x":24,"y":-26.5},"originalSize":{"width":166,"height":144},"rotated":false,"capInsets":[0,0,0,0],"vertices":{"rawPosition":[-43,-45.5,0,43,-45.5,0,-43,45.5,0,43,45.5,0],"indexes":[0,1,2,2,1,3],"uv":[64,91,150,91,64,0,150,0],"nuv":[0.3855421686746988,0,0.9036144578313253,0,0.3855421686746988,0.6319444444444444,0.9036144578313253,0.6319444444444444],"minPos":{"x":-43,"y":-45.5,"z":0},"maxPos":{"x":43,"y":45.5,"z":0}},"packable":true,"pixelsToUnit":100,"pivot":{"x":0.5,"y":0.5},"meshType":0}],[0],0,[0],[0],[81]],[[{"name":"Zombie_2","rect":{"x":63,"y":24,"width":87,"height":118},"offset":{"x":23.5,"y":-11},"originalSize":{"width":166,"height":144},"rotated":false,"capInsets":[0,0,0,0],"vertices":{"rawPosition":[-43.5,-59,0,43.5,-59,0,-43.5,59,0,43.5,59,0],"indexes":[0,1,2,2,1,3],"uv":[63,120,150,120,63,2,150,2],"nuv":[0.3795180722891566,0.013888888888888888,0.9036144578313253,0.013888888888888888,0.3795180722891566,0.8333333333333334,0.9036144578313253,0.8333333333333334],"minPos":{"x":-43.5,"y":-59,"z":0},"maxPos":{"x":43.5,"y":59,"z":0}},"packable":true,"pixelsToUnit":100,"pivot":{"x":0.5,"y":0.5},"meshType":0}],[0],0,[0],[0],[82]],[[{"name":"ZombieLostHead_15","rect":{"x":80,"y":52,"width":62,"height":92},"offset":{"x":28,"y":-26},"originalSize":{"width":166,"height":144},"rotated":false,"capInsets":[0,0,0,0],"vertices":{"rawPosition":[-31,-46,0,31,-46,0,-31,46,0,31,46,0],"indexes":[0,1,2,2,1,3],"uv":[80,92,142,92,80,0,142,0],"nuv":[0.4819277108433735,0,0.8554216867469879,0,0.4819277108433735,0.6388888888888888,0.8554216867469879,0.6388888888888888],"minPos":{"x":-31,"y":-46,"z":0},"maxPos":{"x":31,"y":46,"z":0}},"packable":true,"pixelsToUnit":100,"pivot":{"x":0.5,"y":0.5},"meshType":0}],[0],0,[0],[0],[83]],[[{"name":"ZombieLostHeadAttack_9","rect":{"x":63,"y":52,"width":86,"height":92},"offset":{"x":23,"y":-26},"originalSize":{"width":166,"height":144},"rotated":false,"capInsets":[0,0,0,0],"vertices":{"rawPosition":[-43,-46,0,43,-46,0,-43,46,0,43,46,0],"indexes":[0,1,2,2,1,3],"uv":[63,92,149,92,63,0,149,0],"nuv":[0.3795180722891566,0,0.8975903614457831,0,0.3795180722891566,0.6388888888888888,0.8975903614457831,0.6388888888888888],"minPos":{"x":-43,"y":-46,"z":0},"maxPos":{"x":43,"y":46,"z":0}},"packable":true,"pixelsToUnit":100,"pivot":{"x":0.5,"y":0.5},"meshType":0}],[0],0,[0],[0],[84]],[[{"name":"ZombieDie_9","rect":{"x":0,"y":111,"width":165,"height":33},"offset":{"x":-0.5,"y":-55.5},"originalSize":{"width":166,"height":144},"rotated":false,"capInsets":[0,0,0,0],"vertices":{"rawPosition":[-82.5,-16.5,0,82.5,-16.5,0,-82.5,16.5,0,82.5,16.5,0],"indexes":[0,1,2,2,1,3],"uv":[0,33,165,33,0,0,165,0],"nuv":[0,0,0.9939759036144579,0,0,0.22916666666666666,0.9939759036144579,0.22916666666666666],"minPos":{"x":-82.5,"y":-16.5,"z":0},"maxPos":{"x":82.5,"y":16.5,"z":0}},"packable":true,"pixelsToUnit":100,"pivot":{"x":0.5,"y":0.5},"meshType":0}],[0],0,[0],[0],[85]],[[{"name":"ZombieAttack_3","rect":{"x":63,"y":24,"width":87,"height":120},"offset":{"x":23.5,"y":-12},"originalSize":{"width":166,"height":144},"rotated":false,"capInsets":[0,0,0,0],"vertices":{"rawPosition":[-43.5,-60,0,43.5,-60,0,-43.5,60,0,43.5,60,0],"indexes":[0,1,2,2,1,3],"uv":[63,120,150,120,63,0,150,0],"nuv":[0.3795180722891566,0,0.9036144578313253,0,0.3795180722891566,0.8333333333333334,0.9036144578313253,0.8333333333333334],"minPos":{"x":-43.5,"y":-60,"z":0},"maxPos":{"x":43.5,"y":60,"z":0}},"packable":true,"pixelsToUnit":100,"pivot":{"x":0.5,"y":0.5},"meshType":0}],[0],0,[0],[0],[86]],[[{"name":"ZombieLostHead_14","rect":{"x":76,"y":51,"width":65,"height":93},"offset":{"x":25.5,"y":-25.5},"originalSize":{"width":166,"height":144},"rotated":false,"capInsets":[0,0,0,0],"vertices":{"rawPosition":[-32.5,-46.5,0,32.5,-46.5,0,-32.5,46.5,0,32.5,46.5,0],"indexes":[0,1,2,2,1,3],"uv":[76,93,141,93,76,0,141,0],"nuv":[0.4578313253012048,0,0.8493975903614458,0,0.4578313253012048,0.6458333333333334,0.8493975903614458,0.6458333333333334],"minPos":{"x":-32.5,"y":-46.5,"z":0},"maxPos":{"x":32.5,"y":46.5,"z":0}},"packable":true,"pixelsToUnit":100,"pivot":{"x":0.5,"y":0.5},"meshType":0}],[0],0,[0],[0],[87]],[[{"name":"Zombie_5","rect":{"x":64,"y":26,"width":79,"height":118},"offset":{"x":20.5,"y":-13},"originalSize":{"width":166,"height":144},"rotated":false,"capInsets":[0,0,0,0],"vertices":{"rawPosition":[-39.5,-59,0,39.5,-59,0,-39.5,59,0,39.5,59,0],"indexes":[0,1,2,2,1,3],"uv":[64,118,143,118,64,0,143,0],"nuv":[0.3855421686746988,0,0.8614457831325302,0,0.3855421686746988,0.8194444444444444,0.8614457831325302,0.8194444444444444],"minPos":{"x":-39.5,"y":-59,"z":0},"maxPos":{"x":39.5,"y":59,"z":0}},"packable":true,"pixelsToUnit":100,"pivot":{"x":0.5,"y":0.5},"meshType":0}],[0],0,[0],[0],[88]]]]
