[1,["0fNDFyVStPVp5LgPI+XSzD@6c48a"],["_textureSource"],["cc.SpriteFrame"],0,[{"name":"Repeater_15","rect":{"x":5,"y":1,"width":66,"height":70},"offset":{"x":1.5,"y":-0.5},"originalSize":{"width":73,"height":71},"rotated":false,"capInsets":[0,0,0,0],"vertices":{"rawPosition":[-33,-35,0,33,-35,0,-33,35,0,33,35,0],"indexes":[0,1,2,2,1,3],"uv":[5,70,71,70,5,0,71,0],"nuv":[0.0684931506849315,0,0.9726027397260274,0,0.0684931506849315,0.9859154929577465,0.9726027397260274,0.9859154929577465],"minPos":{"x":-33,"y":-35,"z":0},"maxPos":{"x":33,"y":35,"z":0}},"packable":true,"pixelsToUnit":100,"pivot":{"x":0.5,"y":0.5},"meshType":0}],[0],0,[0],[0],[0]]
