[1,["20xZE/Lt1IyL/7q/M2DWSP@6c48a"],["_textureSource"],["cc.SpriteFrame"],0,[{"name":"SelectorScreenAdventure_32-0","rect":{"x":0,"y":0,"width":331,"height":144},"offset":{"x":0,"y":0},"originalSize":{"width":331,"height":144},"rotated":false,"capInsets":[0,0,0,0],"vertices":{"rawPosition":[-165.5,-72,0,165.5,-72,0,-165.5,72,0,165.5,72,0],"indexes":[0,1,2,2,1,3],"uv":[0,144,331,144,0,0,331,0],"nuv":[0,0,1,0,0,1,1,1],"minPos":{"x":-165.5,"y":-72,"z":0},"maxPos":{"x":165.5,"y":72,"z":0}},"packable":true,"pixelsToUnit":100,"pivot":{"x":0.5,"y":0.5},"meshType":0}],[0],0,[0],[0],[0]]
