[1,["20/40dhO1DJIQcY8NhvHn3@6c48a"],["_textureSource"],["cc.SpriteFrame"],0,[{"name":"FlagZombieAttack_8","rect":{"x":56,"y":3,"width":103,"height":140},"offset":{"x":24.5,"y":-1},"originalSize":{"width":166,"height":144},"rotated":false,"capInsets":[0,0,0,0],"vertices":{"rawPosition":[-51.5,-70,0,51.5,-70,0,-51.5,70,0,51.5,70,0],"indexes":[0,1,2,2,1,3],"uv":[56,141,159,141,56,1,159,1],"nuv":[0.3373493975903614,0.006944444444444444,0.9578313253012049,0.006944444444444444,0.3373493975903614,0.9791666666666666,0.9578313253012049,0.9791666666666666],"minPos":{"x":-51.5,"y":-70,"z":0},"maxPos":{"x":51.5,"y":70,"z":0}},"packable":true,"pixelsToUnit":100,"pivot":{"x":0.5,"y":0.5},"meshType":0}],[0],0,[0],[0],[0]]
