[1,["04bM0jjklAcZz9BoVIRbR2@6c48a","0bXQyybstE6agM7Cqe5C9T@6c48a","21cEWAYOZBjan/gKUqa7Ke@6c48a","49+jZyovBIqbW5vqvrabdM@6c48a","4d8532u1NDzIpjYvAyUixY@6c48a","50WLj0srFBm4SQRuR8btc8@6c48a","5bRfCL82ZKdIRWlwEbLah0@6c48a","5fFR/fXZ1OuYDzRuGb3Ljm@6c48a","82IksHIBBEb6/qoVC/2Y6Y@6c48a","89OJHJbytPjLSU8WQMoPLj@6c48a","9dNfnc1SlIa695MLQQVVut@6c48a","b0S4EMp3lGJoMapaVJLhW8@6c48a","e5tOTKe3pIIKDGJdC9kUfq@6c48a"],["_textureSource"],["cc.SpriteFrame"],0,[[[{"name":"Peashooter_13","rect":{"x":1,"y":0,"width":62,"height":70},"offset":{"x":-3.5,"y":0.5},"originalSize":{"width":71,"height":71},"rotated":false,"capInsets":[0,0,0,0],"vertices":{"rawPosition":[-31,-35,0,31,-35,0,-31,35,0,31,35,0],"indexes":[0,1,2,2,1,3],"uv":[1,71,63,71,1,1,63,1],"nuv":[0.014084507042253521,0.014084507042253521,0.8873239436619719,0.014084507042253521,0.014084507042253521,1,0.8873239436619719,1],"minPos":{"x":-31,"y":-35,"z":0},"maxPos":{"x":31,"y":35,"z":0}},"packable":true,"pixelsToUnit":100,"pivot":{"x":0.5,"y":0.5},"meshType":0}],[0],0,[0],[0],[0]],[[{"name":"Peashooter_12","rect":{"x":0,"y":1,"width":62,"height":69},"offset":{"x":-4.5,"y":0},"originalSize":{"width":71,"height":71},"rotated":false,"capInsets":[0,0,0,0],"vertices":{"rawPosition":[-31,-34.5,0,31,-34.5,0,-31,34.5,0,31,34.5,0],"indexes":[0,1,2,2,1,3],"uv":[0,70,62,70,0,1,62,1],"nuv":[0,0.014084507042253521,0.8732394366197183,0.014084507042253521,0,0.9859154929577465,0.8732394366197183,0.9859154929577465],"minPos":{"x":-31,"y":-34.5,"z":0},"maxPos":{"x":31,"y":34.5,"z":0}},"packable":true,"pixelsToUnit":100,"pivot":{"x":0.5,"y":0.5},"meshType":0}],[0],0,[0],[0],[1]],[[{"name":"Peashooter_2","rect":{"x":4,"y":0,"width":63,"height":70},"offset":{"x":0,"y":0.5},"originalSize":{"width":71,"height":71},"rotated":false,"capInsets":[0,0,0,0],"vertices":{"rawPosition":[-31.5,-35,0,31.5,-35,0,-31.5,35,0,31.5,35,0],"indexes":[0,1,2,2,1,3],"uv":[4,71,67,71,4,1,67,1],"nuv":[0.056338028169014086,0.014084507042253521,0.9436619718309859,0.014084507042253521,0.056338028169014086,1,0.9436619718309859,1],"minPos":{"x":-31.5,"y":-35,"z":0},"maxPos":{"x":31.5,"y":35,"z":0}},"packable":true,"pixelsToUnit":100,"pivot":{"x":0.5,"y":0.5},"meshType":0}],[0],0,[0],[0],[2]],[[{"name":"Peashooter_10","rect":{"x":0,"y":7,"width":61,"height":63},"offset":{"x":-5,"y":-3},"originalSize":{"width":71,"height":71},"rotated":false,"capInsets":[0,0,0,0],"vertices":{"rawPosition":[-30.5,-31.5,0,30.5,-31.5,0,-30.5,31.5,0,30.5,31.5,0],"indexes":[0,1,2,2,1,3],"uv":[0,64,61,64,0,1,61,1],"nuv":[0,0.014084507042253521,0.8591549295774648,0.014084507042253521,0,0.9014084507042254,0.8591549295774648,0.9014084507042254],"minPos":{"x":-30.5,"y":-31.5,"z":0},"maxPos":{"x":30.5,"y":31.5,"z":0}},"packable":true,"pixelsToUnit":100,"pivot":{"x":0.5,"y":0.5},"meshType":0}],[0],0,[0],[0],[3]],[[{"name":"Peashooter_7","rect":{"x":2,"y":0,"width":62,"height":70},"offset":{"x":-2.5,"y":0.5},"originalSize":{"width":71,"height":71},"rotated":false,"capInsets":[0,0,0,0],"vertices":{"rawPosition":[-31,-35,0,31,-35,0,-31,35,0,31,35,0],"indexes":[0,1,2,2,1,3],"uv":[2,71,64,71,2,1,64,1],"nuv":[0.028169014084507043,0.014084507042253521,0.9014084507042254,0.014084507042253521,0.028169014084507043,1,0.9014084507042254,1],"minPos":{"x":-31,"y":-35,"z":0},"maxPos":{"x":31,"y":35,"z":0}},"packable":true,"pixelsToUnit":100,"pivot":{"x":0.5,"y":0.5},"meshType":0}],[0],0,[0],[0],[4]],[[{"name":"Peashooter_3","rect":{"x":6,"y":4,"width":63,"height":67},"offset":{"x":2,"y":-2},"originalSize":{"width":71,"height":71},"rotated":false,"capInsets":[0,0,0,0],"vertices":{"rawPosition":[-31.5,-33.5,0,31.5,-33.5,0,-31.5,33.5,0,31.5,33.5,0],"indexes":[0,1,2,2,1,3],"uv":[6,67,69,67,6,0,69,0],"nuv":[0.08450704225352113,0,0.971830985915493,0,0.08450704225352113,0.9436619718309859,0.971830985915493,0.9436619718309859],"minPos":{"x":-31.5,"y":-33.5,"z":0},"maxPos":{"x":31.5,"y":33.5,"z":0}},"packable":true,"pixelsToUnit":100,"pivot":{"x":0.5,"y":0.5},"meshType":0}],[0],0,[0],[0],[5]],[[{"name":"Peashooter_9","rect":{"x":0,"y":4,"width":62,"height":66},"offset":{"x":-4.5,"y":-1.5},"originalSize":{"width":71,"height":71},"rotated":false,"capInsets":[0,0,0,0],"vertices":{"rawPosition":[-31,-33,0,31,-33,0,-31,33,0,31,33,0],"indexes":[0,1,2,2,1,3],"uv":[0,67,62,67,0,1,62,1],"nuv":[0,0.014084507042253521,0.8732394366197183,0.014084507042253521,0,0.9436619718309859,0.8732394366197183,0.9436619718309859],"minPos":{"x":-31,"y":-33,"z":0},"maxPos":{"x":31,"y":33,"z":0}},"packable":true,"pixelsToUnit":100,"pivot":{"x":0.5,"y":0.5},"meshType":0}],[0],0,[0],[0],[6]],[[{"name":"Peashooter_11","rect":{"x":0,"y":8,"width":62,"height":62},"offset":{"x":-4.5,"y":-3.5},"originalSize":{"width":71,"height":71},"rotated":false,"capInsets":[0,0,0,0],"vertices":{"rawPosition":[-31,-31,0,31,-31,0,-31,31,0,31,31,0],"indexes":[0,1,2,2,1,3],"uv":[0,63,62,63,0,1,62,1],"nuv":[0,0.014084507042253521,0.8732394366197183,0.014084507042253521,0,0.8873239436619719,0.8732394366197183,0.8873239436619719],"minPos":{"x":-31,"y":-31,"z":0},"maxPos":{"x":31,"y":31,"z":0}},"packable":true,"pixelsToUnit":100,"pivot":{"x":0.5,"y":0.5},"meshType":0}],[0],0,[0],[0],[7]],[[{"name":"Peashooter_8","rect":{"x":1,"y":0,"width":62,"height":70},"offset":{"x":-3.5,"y":0.5},"originalSize":{"width":71,"height":71},"rotated":false,"capInsets":[0,0,0,0],"vertices":{"rawPosition":[-31,-35,0,31,-35,0,-31,35,0,31,35,0],"indexes":[0,1,2,2,1,3],"uv":[1,71,63,71,1,1,63,1],"nuv":[0.014084507042253521,0.014084507042253521,0.8873239436619719,0.014084507042253521,0.014084507042253521,1,0.8873239436619719,1],"minPos":{"x":-31,"y":-35,"z":0},"maxPos":{"x":31,"y":35,"z":0}},"packable":true,"pixelsToUnit":100,"pivot":{"x":0.5,"y":0.5},"meshType":0}],[0],0,[0],[0],[8]],[[{"name":"Peashooter_6","rect":{"x":3,"y":0,"width":63,"height":70},"offset":{"x":-1,"y":0.5},"originalSize":{"width":71,"height":71},"rotated":false,"capInsets":[0,0,0,0],"vertices":{"rawPosition":[-31.5,-35,0,31.5,-35,0,-31.5,35,0,31.5,35,0],"indexes":[0,1,2,2,1,3],"uv":[3,71,66,71,3,1,66,1],"nuv":[0.04225352112676056,0.014084507042253521,0.9295774647887324,0.014084507042253521,0.04225352112676056,1,0.9295774647887324,1],"minPos":{"x":-31.5,"y":-35,"z":0},"maxPos":{"x":31.5,"y":35,"z":0}},"packable":true,"pixelsToUnit":100,"pivot":{"x":0.5,"y":0.5},"meshType":0}],[0],0,[0],[0],[9]],[[{"name":"Peashooter_4","rect":{"x":8,"y":7,"width":62,"height":64},"offset":{"x":3.5,"y":-3.5},"originalSize":{"width":71,"height":71},"rotated":false,"capInsets":[0,0,0,0],"vertices":{"rawPosition":[-31,-32,0,31,-32,0,-31,32,0,31,32,0],"indexes":[0,1,2,2,1,3],"uv":[8,64,70,64,8,0,70,0],"nuv":[0.11267605633802817,0,0.9859154929577465,0,0.11267605633802817,0.9014084507042254,0.9859154929577465,0.9014084507042254],"minPos":{"x":-31,"y":-32,"z":0},"maxPos":{"x":31,"y":32,"z":0}},"packable":true,"pixelsToUnit":100,"pivot":{"x":0.5,"y":0.5},"meshType":0}],[0],0,[0],[0],[10]],[[{"name":"Peashooter_5","rect":{"x":5,"y":4,"width":63,"height":67},"offset":{"x":1,"y":-2},"originalSize":{"width":71,"height":71},"rotated":false,"capInsets":[0,0,0,0],"vertices":{"rawPosition":[-31.5,-33.5,0,31.5,-33.5,0,-31.5,33.5,0,31.5,33.5,0],"indexes":[0,1,2,2,1,3],"uv":[5,67,68,67,5,0,68,0],"nuv":[0.07042253521126761,0,0.9577464788732394,0,0.07042253521126761,0.9436619718309859,0.9577464788732394,0.9436619718309859],"minPos":{"x":-31.5,"y":-33.5,"z":0},"maxPos":{"x":31.5,"y":33.5,"z":0}},"packable":true,"pixelsToUnit":100,"pivot":{"x":0.5,"y":0.5},"meshType":0}],[0],0,[0],[0],[11]],[[{"name":"Peashooter_1","rect":{"x":3,"y":0,"width":63,"height":70},"offset":{"x":-1,"y":0.5},"originalSize":{"width":71,"height":71},"rotated":false,"capInsets":[0,0,0,0],"vertices":{"rawPosition":[-31.5,-35,0,31.5,-35,0,-31.5,35,0,31.5,35,0],"indexes":[0,1,2,2,1,3],"uv":[3,71,66,71,3,1,66,1],"nuv":[0.04225352112676056,0.014084507042253521,0.9295774647887324,0.014084507042253521,0.04225352112676056,1,0.9295774647887324,1],"minPos":{"x":-31.5,"y":-35,"z":0},"maxPos":{"x":31.5,"y":35,"z":0}},"packable":true,"pixelsToUnit":100,"pivot":{"x":0.5,"y":0.5},"meshType":0}],[0],0,[0],[0],[12]]]]
