[1,["0e9j/SHPdBx5dAd2IKWw0F@6c48a"],["_textureSource"],["cc.SpriteFrame"],0,[{"name":"TallnutCracked2_8","rect":{"x":1,"y":4,"width":81,"height":115},"offset":{"x":0,"y":-2},"originalSize":{"width":83,"height":119},"rotated":false,"capInsets":[0,0,0,0],"vertices":{"rawPosition":[-40.5,-57.5,0,40.5,-57.5,0,-40.5,57.5,0,40.5,57.5,0],"indexes":[0,1,2,2,1,3],"uv":[1,115,82,115,1,0,82,0],"nuv":[0.012048192771084338,0,0.9879518072289156,0,0.012048192771084338,0.9663865546218487,0.9879518072289156,0.9663865546218487],"minPos":{"x":-40.5,"y":-57.5,"z":0},"maxPos":{"x":40.5,"y":57.5,"z":0}},"packable":true,"pixelsToUnit":100,"pivot":{"x":0.5,"y":0.5},"meshType":0}],[0],0,[0],[0],[0]]
