[1,["05HoLxcHJN45RmfXt5mAHn@6c48a"],["_textureSource"],["cc.SpriteFrame"],0,[{"name":"JalapenoAttack_5","rect":{"x":0,"y":22,"width":755,"height":107},"offset":{"x":0,"y":-10},"originalSize":{"width":755,"height":131},"rotated":false,"capInsets":[0,0,0,0],"vertices":{"rawPosition":[-377.5,-53.5,0,377.5,-53.5,0,-377.5,53.5,0,377.5,53.5,0],"indexes":[0,1,2,2,1,3],"uv":[0,109,755,109,0,2,755,2],"nuv":[0,0.015267175572519083,1,0.015267175572519083,0,0.8320610687022901,1,0.8320610687022901],"minPos":{"x":-377.5,"y":-53.5,"z":0},"maxPos":{"x":377.5,"y":53.5,"z":0}},"packable":true,"pixelsToUnit":100,"pivot":{"x":0.5,"y":0.5},"meshType":0}],[0],0,[0],[0],[0]]
