[1,["dfFzgtXbNBTIf7ftKHqHaG","4e6rj/bEhEirKoHZa46szO","b9JZDuxsNAcZl/CNWCTT82","ccsERcv9FL/41oy6YIj0IH","6aY3hbNEVDV73KfO5TMCEj@6c48a","70amp98YRGPrfMxGiQJwV4@6c48a","9bc65CxyJBBZfV5xldRfTj@6c48a","9b4tawOgZIJr7cb/dKxZHC@6c48a","9eTySd5NtOrrzVd/BNvt11@6c48a","be0UJ62vVFIYMUO4m0Fknz@6c48a","be5C/9s79N+66kPY1yvoGo@6c48a","c87ijWYuhAwIddezd2FxW4@6c48a","9b4tawOgZIJr7cb/dKxZHC@f9941","be0UJ62vVFIYMUO4m0Fknz@f9941","9eTySd5NtOrrzVd/BNvt11@f9941","be5C/9s79N+66kPY1yvoGo@f9941","51oltBlD5E4bWjqYpaeRjd","97o9o4IuZFB56S0370a9qR","12MkdyRURDnpD9ePe+hYQX","39NclkVqxINYBvPEOhAoOf","6aY3hbNEVDV73KfO5TMCEj@f9941","c87ijWYuhAwIddezd2FxW4@f9941","9bc65CxyJBBZfV5xldRfTj@f9941","70amp98YRGPrfMxGiQJwV4@f9941"],["root","asset","targetInfo","node","_textureSource","_parent","_spriteFrame","value","data","_cameraComponent","SunPoint","winLabel","fail","cardUI","preUI","camera","scene","sunPrefab","zombiePrefab","_defaultClip"],[["cc.Node",["_name","_objFlags","_layer","__editorExtras__","_active","_id","_components","_parent","_children","_lpos","_prefab","_lscale"],-3,9,1,2,5,4,5],"cc.SpriteFrame",["cc.Widget",["_alignFlags","_originalWidth","_originalHeight","_isAbsLeft","_isAbsTop","_left","_isAbsRight","_isAbsBottom","_top","_right","node"],-7,1],["cc.Node",["_name","_layer","_objFlags","_components","_children","_parent","_lpos","_lscale"],0,12,2,1,5,5],["cc.UITransform",["node","_contentSize","__prefab"],3,1,5,4],["cc.PrefabInfo",["fileId","nestedPrefabInstanceRoots","targetOverrides","root","instance","asset"],0,1,4,6],["cc.Sprite",["_sizeMode","node","_spriteFrame"],2,1,6],["cc.Label",["_string","_actualFontSize","_fontSize","_isBold","_lineHeight","_overflow","_enableWrapText","_enableOutline","_outlineWidth","_enableShadow","node","_color","_outlineColor","_shadowColor","_shadowOffset"],-7,1,5,5,5,5],["cc.Prefab",["_name"],2],["cc.Node",["_name","_parent","_components","_lpos"],2,1,2,5],["cc.CompPrefabInfo",["fileId"],2],["8b2fffFV5VBHpU64FVwrTL5",["node","__prefab"],3,1,4],["cc.PrefabInfo",["fileId","instance","targetOverrides","nestedPrefabInstanceRoots","root","asset"],-1,1,1],["cc.PrefabInfo",["root","asset","fileId","instance","targetOverrides","nestedPrefabInstanceRoots"],-1,9,2],["cc.SceneAsset",["_name"],2],["cc.Canvas",["node","_cameraComponent"],3,1,1],["cc.PrefabInstance",["fileId","prefabRootNode","propertyOverrides"],1,9],["CCPropertyOverrideInfo",["value","propertyPath","targetInfo"],1,1],["CCPropertyOverrideInfo",["propertyPath","targetInfo","value"],2,1,8],["CCPropertyOverrideInfo",["value","propertyPath","targetInfo"],1,4],["CCPropertyOverrideInfo",["propertyPath","targetInfo","value"],2,4,8],["CCPropertyOverrideInfo",["propertyPath","targetInfo","value"],2,4,6],["cc.TargetInfo",["localID"],2],["18a3dihtz5H8odchRS4N5st",["Sun","node","SunPoint","sunPrefab"],2,1,1,6],["e3870Cm+jFDh4zeIFhXAjmQ",["node","plantArray"],3,1,3],["227e9V9Tf9AXpAVLVAfUPep",["waveInterval","node","zombieArray","winLabel","zombiePrefab"],2,1,2,1,6],["befc9C1TVBKWZWb+aF5iLQU",["node","camera","preUI","cardUI","fail"],3,1,1,1,1,1],["cc.AudioSource",["node"],3,1],["868acGdA2FF+onJliNMn38c",["node"],3,1],["cc.Animation",["_enabled","playOnLoad","node","_clips","_defaultClip"],1,1,3,6],["cc.BoxCollider2D",["_group","_sensor","node","_offset","_size"],1,1,5,5],["cc.RigidBody2D",["enabledContactListener","_group","_type","_allowSleep","node"],-1,1],["cc.Scene",["_name","_children","_prefab","_globals"],2,2,4,4],["cc.TargetOverrideInfo",["propertyPath","source","sourceInfo","target","targetInfo"],2,1,4,1,4],["cc.SceneGlobals",["ambient","shadows","_skybox","fog","octree","skin","lightProbeInfo","postSettings"],3,4,4,4,4,4,4,4,4],["cc.AmbientInfo",["_skyColorHDR","_groundAlbedoHDR"],3,5,5],["cc.ShadowsInfo",["_shadowColor","_size"],3,5,5],["cc.SkyboxInfo",[],3],["cc.FogInfo",[],3],["cc.OctreeInfo",[],3],["cc.SkinInfo",["_enabled"],2],["cc.LightProbeInfo",[],3],["cc.PostSettingsInfo",[],3],["cc.Camera",["_projection","_orthoHeight","_near","_far","_visibility","node","_color"],-2,1,5],["cecdbs+U85K3I/xaaGykcbZ",["node"],3,1],["c434aNAbqhM6rMaUVjT+vEC",["node"],3,1],["8340f8m9VNDxI62sWdOkXqn",["node"],3,1]],[[18,0,1,2,2],[22,0,2],[16,0,1,2,3],[0,1,3,7,10,3],[5,0,2,1,3,4,5,4],[17,0,1,2,3],[20,0,1,2,2],[19,0,1,2,3],[4,0,1],[4,0,1,1],[33,0,1,2,3,4,2],[6,1,2,1],[0,0,4,7,6,3],[0,0,7,6,2],[0,1,3,10,3],[0,0,1,2,7,6,9,11,4],[10,0,2],[5,0,1,2,3,4,5,4],[21,0,1,2,2],[8,0,2],[0,0,6,10,9,2],[0,0,1,8,6,3],[0,0,2,5,8,6,9,4],[0,0,2,7,6,3],[0,0,1,4,8,6,9,4],[0,0,1,2,7,8,6,4],[0,0,2,7,6,9,3],[0,0,1,7,8,6,11,3],[0,0,2,6,9,11,3],[0,0,7,8,2],[0,0,2,7,8,6,3],[3,0,1,4,3,6,3],[3,0,5,4,3,2],[3,0,5,4,3,7,2],[3,0,2,1,5,3,6,4],[9,0,1,2,3,2],[4,0,2,1,1],[11,0,1,1],[12,0,1,2,3,4,5,5],[13,0,1,2,3,4,5,5],[14,0,2],[15,0,1,1],[2,0,3,6,4,7,1,2,10,8],[2,0,5,8,3,4,10,6],[2,0,1,2,10,4],[2,0,5,9,1,2,10,6],[2,0,10,2],[23,0,1,2,3,2],[24,0,1,1],[25,0,1,2,3,4,2],[26,0,1,2,3,4,1],[27,0,1],[28,0,1],[29,0,1,2,3,4,3],[6,0,1,2,2],[30,0,1,2,3,4,3],[31,0,1,2,3,4,5],[7,0,1,2,4,5,6,3,7,8,9,10,11,12,13,14,11],[7,0,1,2,3,10,11,5],[32,0,1,2,3,2],[34,0,1,2,3,4,5,6,7,1],[35,0,1,1],[36,0,1,1],[37,1],[38,1],[39,1],[40,0,2],[41,1],[42,1],[43,0,1,2,3,4,5,6,6],[44,0,1],[45,0,1],[46,0,1]],[[[{"name":"StartSet","rect":{"x":88,"y":14,"width":163,"height":96},"offset":{"x":19.5,"y":4.5},"originalSize":{"width":300,"height":133},"rotated":false,"capInsets":[0,0,0,0],"vertices":{"rawPosition":[-81.5,-48,0,81.5,-48,0,-81.5,48,0,81.5,48,0],"indexes":[0,1,2,2,1,3],"uv":[88,119,251,119,88,23,251,23],"nuv":[0.29333333333333333,0.17293233082706766,0.8366666666666667,0.17293233082706766,0.29333333333333333,0.8947368421052632,0.8366666666666667,0.8947368421052632],"minPos":{"x":-81.5,"y":-48,"z":0},"maxPos":{"x":81.5,"y":48,"z":0}},"packable":true,"pixelsToUnit":100,"pivot":{"x":0.5,"y":0.5},"meshType":0}],[1],0,[0],[4],[4]],[[{"name":"ZombiesWon","rect":{"x":26,"y":23,"width":498,"height":439},"offset":{"x":-7,"y":-8.5},"originalSize":{"width":564,"height":468},"rotated":false,"capInsets":[0,0,0,0],"vertices":{"rawPosition":[-249,-219.5,0,249,-219.5,0,-249,219.5,0,249,219.5,0],"indexes":[0,1,2,2,1,3],"uv":[26,445,524,445,26,6,524,6],"nuv":[0.04609929078014184,0.01282051282051282,0.9290780141843972,0.01282051282051282,0.04609929078014184,0.9508547008547008,0.9290780141843972,0.9508547008547008],"minPos":{"x":-249,"y":-219.5,"z":0},"maxPos":{"x":249,"y":219.5,"z":0}},"packable":true,"pixelsToUnit":100,"pivot":{"x":0.5,"y":0.5},"meshType":0}],[1],0,[0],[4],[5]],[[{"name":"StartPlant","rect":{"x":51,"y":18,"width":209,"height":97},"offset":{"x":5.5,"y":0},"originalSize":{"width":300,"height":133},"rotated":false,"capInsets":[0,0,0,0],"vertices":{"rawPosition":[-104.5,-48.5,0,104.5,-48.5,0,-104.5,48.5,0,104.5,48.5,0],"indexes":[0,1,2,2,1,3],"uv":[51,115,260,115,51,18,260,18],"nuv":[0.17,0.13533834586466165,0.8666666666666667,0.13533834586466165,0.17,0.8646616541353384,0.8666666666666667,0.8646616541353384],"minPos":{"x":-104.5,"y":-48.5,"z":0},"maxPos":{"x":104.5,"y":48.5,"z":0}},"packable":true,"pixelsToUnit":100,"pivot":{"x":0.5,"y":0.5},"meshType":0}],[1],0,[0],[4],[6]],[[{"name":"background1","rect":{"x":0,"y":0,"width":1400,"height":600},"offset":{"x":0,"y":0},"originalSize":{"width":1400,"height":600},"rotated":false,"capInsets":[0,0,0,0],"vertices":{"rawPosition":[-700,-300,0,700,-300,0,-700,300,0,700,300,0],"indexes":[0,1,2,2,1,3],"uv":[0,600,1400,600,0,0,1400,0],"nuv":[0,0,1,0,0,1,1,1],"minPos":{"x":-700,"y":-300,"z":0},"maxPos":{"x":700,"y":300,"z":0}},"packable":true,"pixelsToUnit":100,"pivot":{"x":0.5,"y":0.5},"meshType":0}],[1],0,[0],[4],[7]],[[{"name":"card_peashooter","rect":{"x":0,"y":0,"width":50,"height":69},"offset":{"x":0,"y":0},"originalSize":{"width":50,"height":69},"rotated":false,"capInsets":[0,0,0,0],"vertices":{"rawPosition":[-25,-34.5,0,25,-34.5,0,-25,34.5,0,25,34.5,0],"indexes":[0,1,2,2,1,3],"uv":[0,69,50,69,0,0,50,0],"nuv":[0,0,1,0,0,1,1,1],"minPos":{"x":-25,"y":-34.5,"z":0},"maxPos":{"x":25,"y":34.5,"z":0}},"packable":true,"pixelsToUnit":100,"pivot":{"x":0.5,"y":0.5},"meshType":0}],[1],0,[0],[4],[8]],[[{"name":"ChooserBackground","rect":{"x":0,"y":0,"width":522,"height":87},"offset":{"x":0,"y":0},"originalSize":{"width":522,"height":87},"rotated":false,"capInsets":[0,0,0,0],"vertices":{"rawPosition":[-261,-43.5,0,261,-43.5,0,-261,43.5,0,261,43.5,0],"indexes":[0,1,2,2,1,3],"uv":[0,87,522,87,0,0,522,0],"nuv":[0,0,1,0,0,1,1,1],"minPos":{"x":-261,"y":-43.5,"z":0},"maxPos":{"x":261,"y":43.5,"z":0}},"packable":true,"pixelsToUnit":100,"pivot":{"x":0.5,"y":0.5},"meshType":0}],[1],0,[0],[4],[9]],[[{"name":"card_peashooter2","rect":{"x":0,"y":0,"width":50,"height":69},"offset":{"x":0,"y":0},"originalSize":{"width":50,"height":69},"rotated":false,"capInsets":[0,0,0,0],"vertices":{"rawPosition":[-25,-34.5,0,25,-34.5,0,-25,34.5,0,25,34.5,0],"indexes":[0,1,2,2,1,3],"uv":[0,69,50,69,0,0,50,0],"nuv":[0,0,1,0,0,1,1,1],"minPos":{"x":-25,"y":-34.5,"z":0},"maxPos":{"x":25,"y":34.5,"z":0}},"packable":true,"pixelsToUnit":100,"pivot":{"x":0.5,"y":0.5},"meshType":0}],[1],0,[0],[4],[10]],[[{"name":"StartReady","rect":{"x":69,"y":25,"width":192,"height":77},"offset":{"x":15,"y":3},"originalSize":{"width":300,"height":133},"rotated":false,"capInsets":[0,0,0,0],"vertices":{"rawPosition":[-96,-38.5,0,96,-38.5,0,-96,38.5,0,96,38.5,0],"indexes":[0,1,2,2,1,3],"uv":[69,108,261,108,69,31,261,31],"nuv":[0.23,0.23308270676691728,0.87,0.23308270676691728,0.23,0.8120300751879699,0.87,0.8120300751879699],"minPos":{"x":-96,"y":-38.5,"z":0},"maxPos":{"x":96,"y":38.5,"z":0}},"packable":true,"pixelsToUnit":100,"pivot":{"x":0.5,"y":0.5},"meshType":0}],[1],0,[0],[4],[11]],[[[19,"cell"],[20,"cell",[[36,-2,[16,"8aoD/cLElGQKHHh1tFr7/m"],[5,120,150]],[37,-3,[16,"48RCDT+c1GFrLzi+eP0Ux2"]]],[38,"17WJd2xK1CxZVf+o9kp7zQ",null,null,null,-1,0],[1,549.38,140,0]]],0,[0,0,1,0,3,1,0,3,1,0,8,1,3],[],[],[]],[[[40,"Game"],[21,"Cell",512,[-2,-3,-4,-5,-6,-7,-8,-9,-10,-11,-12,-13,-14,-15,-16,-17,-18,-19,-20,-21,-22,-23,-24,-25,-26,-27,-28,-29,-30,-31,-32,-33,-34,-35,-36,-37,-38,-39,-40,-41,-42,-43,-44,-45,-46],[[8,-1]]],[22,"Canvas",33554432,"beI88Z2HpFELqR4T5EMHpg",[-51,-52,-53,-54,-55,-56,-57,-58],[[9,-47,[5,1920,1080]],[41,-49,-48],[42,45,false,false,false,false,1920,1080,-50]],[1,960,540,0]],[14,0,{},[17,"06IBZNr1pGZaPtCN3FBBq+",null,[],-64,[2,"07vd/dJFZCl4OGFN5zfcMR",null,[[5,"Card_SunFlower",["_name"],-59],[0,["_lpos"],-60,[1,-282.004,-26.101999999999975,0]],[0,["_lrot"],-61,[3,0,0,0,1]],[0,["_euler"],-62,[1,0,0,0]],[7,0,["plantType"],[1,["2fEeJxAjVMSqPB2n1MPf7L"]]],[7,true,["_active"],[1,["ef+8aM111CaJdN/GivJJHP"]]],[0,["_lscale"],-63,[1,1.8,1.8,1]],[6,["_lpos"],[1,["4d6lTQUwNE173wgF8muuKC"]],[1,0,0,0]]]],2]],[14,0,{},[17,"06IBZNr1pGZaPtCN3FBBq+",null,[],-72,[2,"1by0ncxh9BBagyMK5JrA0N",null,[[5,"Card_PeaShooter",["_name"],-65],[0,["_lpos"],-66,[1,-178.87699999999995,-26.552999999999997,0]],[0,["_lrot"],-67,[3,0,0,0,1]],[0,["_euler"],-68,[1,0,0,0]],[18,["_spriteFrame"],[1,["ffYrKuBLFFvLfdH6KQ/Al0"]],4],[18,["_spriteFrame"],[1,["4dd+M/mCdO3L5kXZyjzhHH"]],5],[6,["_contentSize"],[1,["51bYb9KGtMaL4crudN6VI2"]],[5,50,69]],[6,["_contentSize"],[1,["6clve7wUpAMJFvJR+jMMs+"]],[5,50,69]],[5,2,["plantType"],-69],[5,100,["needSun"],-70],[0,["_lscale"],-71,[1,1.8,1.8,1]]]],3]],[23,"Manager",33554432,2,[[8,-73],[47,300,-75,-74,6],[48,-76,[7,8]],[49,5,-83,[-78,-79,-80,-81,-82],-77,9],[50,-88,-87,-86,-85,-84],[51,-89],[52,-90]]],[31,"CardUI",33554432,[-94,-95,3,4],[[[8,-91],-92,[43,9,0.4739583333333333,-0.3646833333333333,false,false,-93]],4,1,4],[1,0,883.858,0]],[24,"ZombieSpawn",512,false,[-97,-98,-99,-100,-101],[[8,-96]],[1,130.702,0,0]],[25,"UI",512,33554432,2,[-104,6,-105],[[9,-102,[5,1920,1080]],[44,45,1920,1080,-103]]],[1,["55SKcZJZ9IgrVTMcjVkmaR"]],[1,["55SKcZJZ9IgrVTMcjVkmaR"]],[1,["55SKcZJZ9IgrVTMcjVkmaR"]],[1,["55SKcZJZ9IgrVTMcjVkmaR"]],[1,["55SKcZJZ9IgrVTMcjVkmaR"]],[32,"PreLabel",2,[-108,-109,-110],[[[53,false,true,-106,[19],20],-107],4,1]],[1,["06IBZNr1pGZaPtCN3FBBq+"]],[1,["06IBZNr1pGZaPtCN3FBBq+"]],[1,["a18zu+mJtDf6qNAch9AQGw"]],[1,["17WJd2xK1CxZVf+o9kp7zQ"]],[1,["17WJd2xK1CxZVf+o9kp7zQ"]],[1,["17WJd2xK1CxZVf+o9kp7zQ"]],[1,["17WJd2xK1CxZVf+o9kp7zQ"]],[1,["17WJd2xK1CxZVf+o9kp7zQ"]],[1,["17WJd2xK1CxZVf+o9kp7zQ"]],[1,["17WJd2xK1CxZVf+o9kp7zQ"]],[1,["17WJd2xK1CxZVf+o9kp7zQ"]],[1,["17WJd2xK1CxZVf+o9kp7zQ"]],[1,["17WJd2xK1CxZVf+o9kp7zQ"]],[1,["17WJd2xK1CxZVf+o9kp7zQ"]],[1,["17WJd2xK1CxZVf+o9kp7zQ"]],[1,["17WJd2xK1CxZVf+o9kp7zQ"]],[1,["17WJd2xK1CxZVf+o9kp7zQ"]],[1,["17WJd2xK1CxZVf+o9kp7zQ"]],[1,["17WJd2xK1CxZVf+o9kp7zQ"]],[1,["17WJd2xK1CxZVf+o9kp7zQ"]],[1,["17WJd2xK1CxZVf+o9kp7zQ"]],[1,["17WJd2xK1CxZVf+o9kp7zQ"]],[1,["17WJd2xK1CxZVf+o9kp7zQ"]],[1,["17WJd2xK1CxZVf+o9kp7zQ"]],[1,["17WJd2xK1CxZVf+o9kp7zQ"]],[1,["17WJd2xK1CxZVf+o9kp7zQ"]],[1,["17WJd2xK1CxZVf+o9kp7zQ"]],[1,["17WJd2xK1CxZVf+o9kp7zQ"]],[1,["17WJd2xK1CxZVf+o9kp7zQ"]],[1,["17WJd2xK1CxZVf+o9kp7zQ"]],[15,"BG",512,33554432,8,[[9,-111,[5,1400,600]],[54,0,-112,0],[45,45,-124.57500000000005,-475.42499999999995,1400,600,-113]],[1,175.42499999999995,0,0],[1,1.8,1.8,1]],[26,"House",33554432,8,[[8,-114],[55,16,true,-115,[0,-51.4,-48.6],[5,122.9,902.9]],[56,true,16,1,false,-116]],[1,-825.7139999999999,0,0]],[15,"SunBG",512,33554432,6,[[9,-117,[5,522,87]],[11,-118,1],[46,1,-119]],[1,-4.547473508864641e-13,-28.299999999999997,0],[1,1.8,1.8,1]],[3,512,{},7,[4,"55SKcZJZ9IgrVTMcjVkmaR",null,null,-120,[2,"dfGbkHJdhGFYHAlqTBFCD7",null,[[5,"Zombie_2",["_name"],13],[0,["_lpos"],13,[1,521.522,188.397,0]],[0,["_lrot"],13,[3,0,0,0,1]],[0,["_euler"],13,[1,0,0,0]],[0,["_lscale"],13,[1,1,1,1]],[5,true,["_active"],13]]],15]],[27,"ForeBG",512,2,[-122,7],[[8,-121]],[1,1.8,1.8,1]],[3,512,{},7,[4,"55SKcZJZ9IgrVTMcjVkmaR",null,null,-123,[2,"b5UJYSmthAWYDRCiMbloEG",null,[[5,"Zombie_3",["_name"],9],[0,["_lpos"],9,[1,521.522,89.043,0]],[0,["_lrot"],9,[3,0,0,0,1]],[0,["_euler"],9,[1,0,0,0]],[0,["_lscale"],9,[1,1,1,1]],[5,true,["_active"],9]]],11]],[3,512,{},7,[4,"55SKcZJZ9IgrVTMcjVkmaR",null,null,-124,[2,"20qfvj4tVJ0a+kaafvHLlq",null,[[5,"Zombie_4",["_name"],10],[0,["_lpos"],10,[1,521.522,-11.248,0]],[0,["_lrot"],10,[3,0,0,0,1]],[0,["_euler"],10,[1,0,0,0]],[0,["_lscale"],10,[1,1,1,1]],[5,true,["_active"],10]]],12]],[3,512,{},7,[4,"55SKcZJZ9IgrVTMcjVkmaR",null,null,-125,[2,"64dyJsz7tOK6FGaJacqsNn",null,[[5,"Zombie_5",["_name"],11],[0,["_lpos"],11,[1,521.522,-100.291,0]],[0,["_lrot"],11,[3,0,0,0,1]],[0,["_euler"],11,[1,0,0,0]],[0,["_lscale"],11,[1,1,1,1]],[5,true,["_active"],11]]],13]],[3,512,{},7,[4,"55SKcZJZ9IgrVTMcjVkmaR",null,null,-126,[2,"cbUGA/cFpF/LZLyidgGUbp",null,[[5,"Zombie_6",["_name"],12],[0,["_lpos"],12,[1,521.522,-210.892,0]],[0,["_lrot"],12,[3,0,0,0,1]],[0,["_euler"],12,[1,0,0,0]],[0,["_lscale"],12,[1,1,1,1]],[5,true,["_active"],12]]],14]],[28,"Label",33554432,[[9,-127,[5,1600,264.286]],[57,"你赢了",200,200,20,2,false,true,true,20,true,-128,[4,4280558801],[4,4278255574],[4,4283818992],[0,28.7,0]]],[1,0,32.143,0],[1,0,0,1]],[33,"FailUI",2,[-131],[[[8,-129],-130],4,1],[1,0,0,1]],[29,"Game",2,[1,-132,-133]],[35,"Camera",2,[-134],[1,0,0,1000]],[34,"Sun",512,33554432,6,[[[9,-135,[5,16.6845703125,50.4]],-136],4,1],[1,-398.40599999999995,-80.66399999999999,0]],[3,512,{},49,[4,"a18zu+mJtDf6qNAch9AQGw",null,null,-137,[2,"8cy4GOQ71J/JKQNshznEO0",null,[[5,"Zombie_show",["_name"],17],[0,["_lpos"],17,[1,620.875,0,0]],[0,["_lrot"],17,[3,0,0,0,1]],[0,["_euler"],17,[1,0,0,0]],[5,true,["_active"],17]]],10]],[30,"WinUI",33554432,2,[54],[[8,-138]]],[12,"StartSet",false,14,[[9,-139,[5,163,96]],[11,-140,16]]],[12,"StartReady",false,14,[[9,-141,[5,192,77]],[11,-142,17]]],[12,"StartPlant",false,14,[[9,-143,[5,209,97]],[11,-144,18]]],[13,"ZombiesWon",55,[[9,-145,[5,498,439]],[11,-146,21]]],[3,512,{},1,[4,"17WJd2xK1CxZVf+o9kp7zQ",null,null,-147,[2,"68eWJywgdB978s0WCdxe6s",null,[[5,"cell",["_name"],18],[0,["_lpos"],18,[1,-559.756,-399.914,0]],[0,["_lrot"],18,[3,0,0,0,1]],[0,["_euler"],18,[1,0,0,0]],[0,["_lscale"],18,[1,1,1,1]]]],22]],[3,512,{},1,[4,"17WJd2xK1CxZVf+o9kp7zQ",null,null,-148,[2,"04TrDYADFGK4gy+Jku3Lkn",null,[[5,"cell-001",["_name"],19],[0,["_lpos"],19,[1,-415.553,-399.914,0]],[0,["_lrot"],19,[3,0,0,0,1]],[0,["_euler"],19,[1,0,0,0]],[0,["_lscale"],19,[1,1,1,1]]]],23]],[3,512,{},1,[4,"17WJd2xK1CxZVf+o9kp7zQ",null,null,-149,[2,"3fMQF5qMBB7JOdFgLFB2j7",null,[[5,"cell-002",["_name"],20],[0,["_lpos"],20,[1,-265.696,-399.914,0]],[0,["_lrot"],20,[3,0,0,0,1]],[0,["_euler"],20,[1,0,0,0]],[0,["_lscale"],20,[1,1,1,1]]]],24]],[3,512,{},1,[4,"17WJd2xK1CxZVf+o9kp7zQ",null,null,-150,[2,"20eeNZR7tAM5kTRDNNcwC2",null,[[5,"cell-003",["_name"],21],[0,["_lpos"],21,[1,-114.89300000000003,-399.914,0]],[0,["_lrot"],21,[3,0,0,0,1]],[0,["_euler"],21,[1,0,0,0]],[0,["_lscale"],21,[1,1,1,1]]]],25]],[3,512,{},1,[4,"17WJd2xK1CxZVf+o9kp7zQ",null,null,-151,[2,"2dI2pS3hBOkIaLJoDGnXfM",null,[[5,"cell-004",["_name"],22],[0,["_lpos"],22,[1,25.538999999999987,-399.914,0]],[0,["_lrot"],22,[3,0,0,0,1]],[0,["_euler"],22,[1,0,0,0]],[0,["_lscale"],22,[1,1,1,1]]]],26]],[3,512,{},1,[4,"17WJd2xK1CxZVf+o9kp7zQ",null,null,-152,[2,"0cLuk30CdHuIvcxNlYrHqF",null,[[5,"cell-005",["_name"],23],[0,["_lpos"],23,[1,172.56999999999994,-399.914,0]],[0,["_lrot"],23,[3,0,0,0,1]],[0,["_euler"],23,[1,0,0,0]],[0,["_lscale"],23,[1,1,1,1]]]],27]],[3,512,{},1,[4,"17WJd2xK1CxZVf+o9kp7zQ",null,null,-153,[2,"91qXjjRO5FKYaA2kBw3+1V",null,[[5,"cell-006",["_name"],24],[0,["_lpos"],24,[1,311.11799999999994,-399.914,0]],[0,["_lrot"],24,[3,0,0,0,1]],[0,["_euler"],24,[1,0,0,0]],[0,["_lscale"],24,[1,1,1,1]]]],28]],[3,512,{},1,[4,"17WJd2xK1CxZVf+o9kp7zQ",null,null,-154,[2,"493BaE8TtAF7K1JQCIa9u0",null,[[5,"cell-007",["_name"],25],[0,["_lpos"],25,[1,459.0909999999999,-399.914,0]],[0,["_lrot"],25,[3,0,0,0,1]],[0,["_euler"],25,[1,0,0,0]],[0,["_lscale"],25,[1,1,1,1]]]],29]],[3,512,{},1,[4,"17WJd2xK1CxZVf+o9kp7zQ",null,null,-155,[2,"ce7YJdYW9NComuLTnKz8HY",null,[[5,"cell-008",["_name"],26],[0,["_lpos"],26,[1,609.893,-399.914,0]],[0,["_lrot"],26,[3,0,0,0,1]],[0,["_euler"],26,[1,0,0,0]],[0,["_lscale"],26,[1,1,1,1]]]],30]],[3,512,{},1,[4,"17WJd2xK1CxZVf+o9kp7zQ",null,null,-156,[2,"85fiLLvlRJhK6eyFx6yDhh",null,[[5,"cell-009",["_name"],27],[0,["_lpos"],27,[1,-559.756,-232.24599999999998,0]],[0,["_lrot"],27,[3,0,0,0,1]],[0,["_euler"],27,[1,0,0,0]],[0,["_lscale"],27,[1,1,1,1]]]],31]],[3,512,{},1,[4,"17WJd2xK1CxZVf+o9kp7zQ",null,null,-157,[2,"11l/PXj8VLVaSl6pset9UT",null,[[5,"cell-010",["_name"],28],[0,["_lpos"],28,[1,-415.553,-232.24599999999998,0]],[0,["_lrot"],28,[3,0,0,0,1]],[0,["_euler"],28,[1,0,0,0]],[0,["_lscale"],28,[1,1,1,1]]]],32]],[3,512,{},1,[4,"17WJd2xK1CxZVf+o9kp7zQ",null,null,-158,[2,"6aRB//H6lHfKsws4NEMoxc",null,[[5,"cell-011",["_name"],29],[0,["_lpos"],29,[1,-265.696,-232.24599999999998,0]],[0,["_lrot"],29,[3,0,0,0,1]],[0,["_euler"],29,[1,0,0,0]],[0,["_lscale"],29,[1,1,1,1]]]],33]],[3,512,{},1,[4,"17WJd2xK1CxZVf+o9kp7zQ",null,null,-159,[2,"d7htCQVGdBA6rBqvsFCs1t",null,[[5,"cell-012",["_name"],30],[0,["_lpos"],30,[1,-114.89300000000003,-232.24599999999998,0]],[0,["_lrot"],30,[3,0,0,0,1]],[0,["_euler"],30,[1,0,0,0]],[0,["_lscale"],30,[1,1,1,1]]]],34]],[3,512,{},1,[4,"17WJd2xK1CxZVf+o9kp7zQ",null,null,-160,[2,"26f5MOzBlHMZAShuaIXWEp",null,[[5,"cell-013",["_name"],31],[0,["_lpos"],31,[1,25.538999999999987,-232.24599999999998,0]],[0,["_lrot"],31,[3,0,0,0,1]],[0,["_euler"],31,[1,0,0,0]],[0,["_lscale"],31,[1,1,1,1]]]],35]],[3,512,{},1,[4,"17WJd2xK1CxZVf+o9kp7zQ",null,null,-161,[2,"6fNfx2YQ1L/4QEX1j36eEt",null,[[5,"cell-014",["_name"],32],[0,["_lpos"],32,[1,172.56999999999994,-232.24599999999998,0]],[0,["_lrot"],32,[3,0,0,0,1]],[0,["_euler"],32,[1,0,0,0]],[0,["_lscale"],32,[1,1,1,1]]]],36]],[3,512,{},1,[4,"17WJd2xK1CxZVf+o9kp7zQ",null,null,-162,[2,"1flyyDdndO4LiJNbX1EPWA",null,[[5,"cell-015",["_name"],33],[0,["_lpos"],33,[1,311.11799999999994,-232.24599999999998,0]],[0,["_lrot"],33,[3,0,0,0,1]],[0,["_euler"],33,[1,0,0,0]],[0,["_lscale"],33,[1,1,1,1]]]],37]],[3,512,{},1,[4,"17WJd2xK1CxZVf+o9kp7zQ",null,null,-163,[2,"c3viwfj9dEq4N3m3M5TF4p",null,[[5,"cell-016",["_name"],34],[0,["_lpos"],34,[1,459.0909999999999,-232.24599999999998,0]],[0,["_lrot"],34,[3,0,0,0,1]],[0,["_euler"],34,[1,0,0,0]],[0,["_lscale"],34,[1,1,1,1]]]],38]],[3,512,{},1,[4,"17WJd2xK1CxZVf+o9kp7zQ",null,null,-164,[2,"bdr4PyQ61POpjyWM0ZC1iG",null,[[5,"cell-017",["_name"],35],[0,["_lpos"],35,[1,609.893,-232.24599999999998,0]],[0,["_lrot"],35,[3,0,0,0,1]],[0,["_euler"],35,[1,0,0,0]],[0,["_lscale"],35,[1,1,1,1]]]],39]],[3,512,{},1,[4,"17WJd2xK1CxZVf+o9kp7zQ",null,null,-165,[2,"15p0LPHRxAdacLiCmLC2Sp",null,[[5,"cell-018",["_name"],36],[0,["_lpos"],36,[1,609.893,-49.05599999999998,0]],[0,["_lrot"],36,[3,0,0,0,1]],[0,["_euler"],36,[1,0,0,0]],[0,["_lscale"],36,[1,1,1,1]]]],40]],[3,512,{},1,[4,"17WJd2xK1CxZVf+o9kp7zQ",null,null,-166,[2,"27+iRuYpxEv5S2cpg4Uz9p",null,[[5,"cell-019",["_name"],37],[0,["_lpos"],37,[1,459.0909999999999,-49.05599999999998,0]],[0,["_lrot"],37,[3,0,0,0,1]],[0,["_euler"],37,[1,0,0,0]],[0,["_lscale"],37,[1,1,1,1]]]],41]],[3,512,{},1,[4,"17WJd2xK1CxZVf+o9kp7zQ",null,null,-167,[2,"e3vXRb6/pINZSJnLsgpZyS",null,[[5,"cell-020",["_name"],38],[0,["_lpos"],38,[1,311.11799999999994,-49.05599999999998,0]],[0,["_lrot"],38,[3,0,0,0,1]],[0,["_euler"],38,[1,0,0,0]],[0,["_lscale"],38,[1,1,1,1]]]],42]],[3,512,{},1,[4,"17WJd2xK1CxZVf+o9kp7zQ",null,null,-168,[2,"84f0wv2AJOcIvN8chUJfoI",null,[[5,"cell-021",["_name"],39],[0,["_lpos"],39,[1,172.56999999999994,-49.05599999999998,0]],[0,["_lrot"],39,[3,0,0,0,1]],[0,["_euler"],39,[1,0,0,0]],[0,["_lscale"],39,[1,1,1,1]]]],43]],[3,512,{},1,[4,"17WJd2xK1CxZVf+o9kp7zQ",null,null,-169,[2,"07tIxhFedFvqNpBnERYBME",null,[[5,"cell-022",["_name"],40],[0,["_lpos"],40,[1,25.538999999999987,-49.05599999999998,0]],[0,["_lrot"],40,[3,0,0,0,1]],[0,["_euler"],40,[1,0,0,0]],[0,["_lscale"],40,[1,1,1,1]]]],44]],[3,512,{},1,[4,"17WJd2xK1CxZVf+o9kp7zQ",null,null,-170,[2,"156zBuCfNIp6s5I/EPZNZT",null,[[5,"cell-023",["_name"],41],[0,["_lpos"],41,[1,-114.89300000000003,-49.05599999999998,0]],[0,["_lrot"],41,[3,0,0,0,1]],[0,["_euler"],41,[1,0,0,0]],[0,["_lscale"],41,[1,1,1,1]]]],45]],[3,512,{},1,[4,"17WJd2xK1CxZVf+o9kp7zQ",null,null,-171,[2,"3fzfzlWkdPzaESJYVcb3rH",null,[[5,"cell-024",["_name"],42],[0,["_lpos"],42,[1,-265.696,-49.05599999999998,0]],[0,["_lrot"],42,[3,0,0,0,1]],[0,["_euler"],42,[1,0,0,0]],[0,["_lscale"],42,[1,1,1,1]]]],46]],[3,512,{},1,[4,"17WJd2xK1CxZVf+o9kp7zQ",null,null,-172,[2,"d7p9HCEN1GFpfELQ/2qm42",null,[[5,"cell-025",["_name"],43],[0,["_lpos"],43,[1,-415.553,-49.05599999999998,0]],[0,["_lrot"],43,[3,0,0,0,1]],[0,["_euler"],43,[1,0,0,0]],[0,["_lscale"],43,[1,1,1,1]]]],47]],[3,512,{},1,[4,"17WJd2xK1CxZVf+o9kp7zQ",null,null,-173,[2,"23kbl1p35Nmo77SMAHyn2G",null,[[5,"cell-026",["_name"],44],[0,["_lpos"],44,[1,-559.756,-49.05599999999998,0]],[0,["_lrot"],44,[3,0,0,0,1]],[0,["_euler"],44,[1,0,0,0]],[0,["_lscale"],44,[1,1,1,1]]]],48]],[3,512,{},1,[4,"17WJd2xK1CxZVf+o9kp7zQ",null,null,-176,[2,"73MA4qbZFB+alJlVQl72s7",null,[[7,"cell-027",["_name"],[1,["17WJd2xK1CxZVf+o9kp7zQ"]]],[6,["_lpos"],[1,["17WJd2xK1CxZVf+o9kp7zQ"]],[1,-559.756,127.92899999999997,0]],[6,["_lrot"],[1,["17WJd2xK1CxZVf+o9kp7zQ"]],[3,0,0,0,1]],[0,["_euler"],-174,[1,0,0,0]],[0,["_lscale"],-175,[1,1,1,1]]]],49]],[3,512,{},1,[4,"17WJd2xK1CxZVf+o9kp7zQ",null,null,-179,[2,"2c8c9ebH9KFZWwvvquMIPQ",null,[[7,"cell-028",["_name"],[1,["17WJd2xK1CxZVf+o9kp7zQ"]]],[6,["_lpos"],[1,["17WJd2xK1CxZVf+o9kp7zQ"]],[1,-415.553,127.92899999999997,0]],[6,["_lrot"],[1,["17WJd2xK1CxZVf+o9kp7zQ"]],[3,0,0,0,1]],[0,["_euler"],-177,[1,0,0,0]],[0,["_lscale"],-178,[1,1,1,1]]]],50]],[3,512,{},1,[4,"17WJd2xK1CxZVf+o9kp7zQ",null,null,-182,[2,"bdeDK0iWJJFqO97ts2dW59",null,[[7,"cell-029",["_name"],[1,["17WJd2xK1CxZVf+o9kp7zQ"]]],[6,["_lpos"],[1,["17WJd2xK1CxZVf+o9kp7zQ"]],[1,-265.696,127.92899999999997,0]],[6,["_lrot"],[1,["17WJd2xK1CxZVf+o9kp7zQ"]],[3,0,0,0,1]],[0,["_euler"],-180,[1,0,0,0]],[0,["_lscale"],-181,[1,1,1,1]]]],51]],[3,512,{},1,[4,"17WJd2xK1CxZVf+o9kp7zQ",null,null,-185,[2,"9dMGWTkwVE/JJBzWq7YC5G",null,[[7,"cell-030",["_name"],[1,["17WJd2xK1CxZVf+o9kp7zQ"]]],[6,["_lpos"],[1,["17WJd2xK1CxZVf+o9kp7zQ"]],[1,-114.89300000000003,127.92899999999997,0]],[6,["_lrot"],[1,["17WJd2xK1CxZVf+o9kp7zQ"]],[3,0,0,0,1]],[0,["_euler"],-183,[1,0,0,0]],[0,["_lscale"],-184,[1,1,1,1]]]],52]],[3,512,{},1,[4,"17WJd2xK1CxZVf+o9kp7zQ",null,null,-188,[2,"b4WaKEfgNIppPTS0XwoTHW",null,[[7,"cell-031",["_name"],[1,["17WJd2xK1CxZVf+o9kp7zQ"]]],[6,["_lpos"],[1,["17WJd2xK1CxZVf+o9kp7zQ"]],[1,25.538999999999987,127.92899999999997,0]],[6,["_lrot"],[1,["17WJd2xK1CxZVf+o9kp7zQ"]],[3,0,0,0,1]],[0,["_euler"],-186,[1,0,0,0]],[0,["_lscale"],-187,[1,1,1,1]]]],53]],[3,512,{},1,[4,"17WJd2xK1CxZVf+o9kp7zQ",null,null,-191,[2,"5dUi1vImVKrru5zTTgSyhb",null,[[7,"cell-032",["_name"],[1,["17WJd2xK1CxZVf+o9kp7zQ"]]],[6,["_lpos"],[1,["17WJd2xK1CxZVf+o9kp7zQ"]],[1,172.56999999999994,127.92899999999997,0]],[6,["_lrot"],[1,["17WJd2xK1CxZVf+o9kp7zQ"]],[3,0,0,0,1]],[0,["_euler"],-189,[1,0,0,0]],[0,["_lscale"],-190,[1,1,1,1]]]],54]],[3,512,{},1,[4,"17WJd2xK1CxZVf+o9kp7zQ",null,null,-194,[2,"59cTJS235NEKgRm3zOYDug",null,[[7,"cell-033",["_name"],[1,["17WJd2xK1CxZVf+o9kp7zQ"]]],[6,["_lpos"],[1,["17WJd2xK1CxZVf+o9kp7zQ"]],[1,311.11799999999994,127.92899999999997,0]],[6,["_lrot"],[1,["17WJd2xK1CxZVf+o9kp7zQ"]],[3,0,0,0,1]],[0,["_euler"],-192,[1,0,0,0]],[0,["_lscale"],-193,[1,1,1,1]]]],55]],[3,512,{},1,[4,"17WJd2xK1CxZVf+o9kp7zQ",null,null,-197,[2,"9aJEavPR5MRYWftrhcBmsv",null,[[7,"cell-034",["_name"],[1,["17WJd2xK1CxZVf+o9kp7zQ"]]],[6,["_lpos"],[1,["17WJd2xK1CxZVf+o9kp7zQ"]],[1,459.0909999999999,127.92899999999997,0]],[6,["_lrot"],[1,["17WJd2xK1CxZVf+o9kp7zQ"]],[3,0,0,0,1]],[0,["_euler"],-195,[1,0,0,0]],[0,["_lscale"],-196,[1,1,1,1]]]],56]],[3,512,{},1,[4,"17WJd2xK1CxZVf+o9kp7zQ",null,null,-200,[2,"2eClqEu/JHWZtHKVloxdq8",null,[[7,"cell-035",["_name"],[1,["17WJd2xK1CxZVf+o9kp7zQ"]]],[6,["_lpos"],[1,["17WJd2xK1CxZVf+o9kp7zQ"]],[1,609.893,127.92899999999997,0]],[6,["_lrot"],[1,["17WJd2xK1CxZVf+o9kp7zQ"]],[3,0,0,0,1]],[0,["_euler"],-198,[1,0,0,0]],[0,["_lscale"],-199,[1,1,1,1]]]],57]],[3,512,{},1,[4,"17WJd2xK1CxZVf+o9kp7zQ",null,null,-203,[2,"fePFYkJz1LZYYBZ6jJHpNt",null,[[7,"cell-036",["_name"],[1,["17WJd2xK1CxZVf+o9kp7zQ"]]],[6,["_lpos"],[1,["17WJd2xK1CxZVf+o9kp7zQ"]],[1,-559.756,298.80999999999995,0]],[6,["_lrot"],[1,["17WJd2xK1CxZVf+o9kp7zQ"]],[3,0,0,0,1]],[0,["_euler"],-201,[1,0,0,0]],[0,["_lscale"],-202,[1,1,1,1]]]],58]],[3,512,{},1,[4,"17WJd2xK1CxZVf+o9kp7zQ",null,null,-206,[2,"dbZWaH9EJObJU3FNfOexRs",null,[[7,"cell-037",["_name"],[1,["17WJd2xK1CxZVf+o9kp7zQ"]]],[6,["_lpos"],[1,["17WJd2xK1CxZVf+o9kp7zQ"]],[1,-415.553,298.80999999999995,0]],[6,["_lrot"],[1,["17WJd2xK1CxZVf+o9kp7zQ"]],[3,0,0,0,1]],[0,["_euler"],-204,[1,0,0,0]],[0,["_lscale"],-205,[1,1,1,1]]]],59]],[3,512,{},1,[4,"17WJd2xK1CxZVf+o9kp7zQ",null,null,-209,[2,"10N9tFWVxN1pL0JCrCPuXD",null,[[7,"cell-038",["_name"],[1,["17WJd2xK1CxZVf+o9kp7zQ"]]],[6,["_lpos"],[1,["17WJd2xK1CxZVf+o9kp7zQ"]],[1,-265.696,298.80999999999995,0]],[6,["_lrot"],[1,["17WJd2xK1CxZVf+o9kp7zQ"]],[3,0,0,0,1]],[0,["_euler"],-207,[1,0,0,0]],[0,["_lscale"],-208,[1,1,1,1]]]],60]],[3,512,{},1,[4,"17WJd2xK1CxZVf+o9kp7zQ",null,null,-212,[2,"25QwPHZJFP0oz3ndCTVhn2",null,[[7,"cell-039",["_name"],[1,["17WJd2xK1CxZVf+o9kp7zQ"]]],[6,["_lpos"],[1,["17WJd2xK1CxZVf+o9kp7zQ"]],[1,-114.89300000000003,298.80999999999995,0]],[6,["_lrot"],[1,["17WJd2xK1CxZVf+o9kp7zQ"]],[3,0,0,0,1]],[0,["_euler"],-210,[1,0,0,0]],[0,["_lscale"],-211,[1,1,1,1]]]],61]],[3,512,{},1,[4,"17WJd2xK1CxZVf+o9kp7zQ",null,null,-215,[2,"94EZjggAlN/ZIXneSvBspg",null,[[7,"cell-040",["_name"],[1,["17WJd2xK1CxZVf+o9kp7zQ"]]],[6,["_lpos"],[1,["17WJd2xK1CxZVf+o9kp7zQ"]],[1,25.538999999999987,298.80999999999995,0]],[6,["_lrot"],[1,["17WJd2xK1CxZVf+o9kp7zQ"]],[3,0,0,0,1]],[0,["_euler"],-213,[1,0,0,0]],[0,["_lscale"],-214,[1,1,1,1]]]],62]],[3,512,{},1,[4,"17WJd2xK1CxZVf+o9kp7zQ",null,null,-218,[2,"4eSsf09AhBhr4EcHw2ormj",null,[[7,"cell-041",["_name"],[1,["17WJd2xK1CxZVf+o9kp7zQ"]]],[6,["_lpos"],[1,["17WJd2xK1CxZVf+o9kp7zQ"]],[1,172.56999999999994,298.80999999999995,0]],[6,["_lrot"],[1,["17WJd2xK1CxZVf+o9kp7zQ"]],[3,0,0,0,1]],[0,["_euler"],-216,[1,0,0,0]],[0,["_lscale"],-217,[1,1,1,1]]]],63]],[3,512,{},1,[4,"17WJd2xK1CxZVf+o9kp7zQ",null,null,-221,[2,"a3aS2+10lOiaRPxlHQvutr",null,[[7,"cell-042",["_name"],[1,["17WJd2xK1CxZVf+o9kp7zQ"]]],[6,["_lpos"],[1,["17WJd2xK1CxZVf+o9kp7zQ"]],[1,311.11799999999994,298.80999999999995,0]],[6,["_lrot"],[1,["17WJd2xK1CxZVf+o9kp7zQ"]],[3,0,0,0,1]],[0,["_euler"],-219,[1,0,0,0]],[0,["_lscale"],-220,[1,1,1,1]]]],64]],[3,512,{},1,[4,"17WJd2xK1CxZVf+o9kp7zQ",null,null,-224,[2,"42abpV5oBNdL2ljSEtf/K8",null,[[7,"cell-043",["_name"],[1,["17WJd2xK1CxZVf+o9kp7zQ"]]],[6,["_lpos"],[1,["17WJd2xK1CxZVf+o9kp7zQ"]],[1,459.0909999999999,298.80999999999995,0]],[6,["_lrot"],[1,["17WJd2xK1CxZVf+o9kp7zQ"]],[3,0,0,0,1]],[0,["_euler"],-222,[1,0,0,0]],[0,["_lscale"],-223,[1,1,1,1]]]],65]],[3,512,{},1,[4,"17WJd2xK1CxZVf+o9kp7zQ",null,null,-227,[2,"7aHPkzFmVKT6GTiQaQcZnB",null,[[7,"cell-044",["_name"],[1,["17WJd2xK1CxZVf+o9kp7zQ"]]],[6,["_lpos"],[1,["17WJd2xK1CxZVf+o9kp7zQ"]],[1,609.893,298.80999999999995,0]],[6,["_lrot"],[1,["17WJd2xK1CxZVf+o9kp7zQ"]],[3,0,0,0,1]],[0,["_euler"],-225,[1,0,0,0]],[0,["_lscale"],-226,[1,1,1,1]]]],66]],[59,"Game",[2],[39,null,null,"e2e90655-1848-4d91-a5f9-f7c7a904c611",null,[[10,["card_able"],4,[1,["2fEeJxAjVMSqPB2n1MPf7L"]],4,[1,["ef+8aM111CaJdN/GivJJHP"]]],[10,["card_diable"],4,[1,["2fEeJxAjVMSqPB2n1MPf7L"]],4,[1,["41KAXAlWxKTKnxjbM7Ty6s"]]],[10,["card_cooling"],4,[1,["2fEeJxAjVMSqPB2n1MPf7L"]],4,[1,["e748+KO21BbbY/WCBhmtOR"]]],[10,["card_able"],3,[1,["2fEeJxAjVMSqPB2n1MPf7L"]],3,[1,["ef+8aM111CaJdN/GivJJHP"]]],[10,["card_diable"],3,[1,["2fEeJxAjVMSqPB2n1MPf7L"]],3,[1,["41KAXAlWxKTKnxjbM7Ty6s"]]],[10,["card_cooling"],3,[1,["2fEeJxAjVMSqPB2n1MPf7L"]],3,[1,["e748+KO21BbbY/WCBhmtOR"]]]],[3,4,65,66,67,68,69,70,71,72,73,74,75,76,77,78,79,80,81,82,83,84,85,86,87,88,89,90,91,92,93,94,95,96,97,98,99,100,101,102,103,104,105,106,107,108,109,59,48,50,51,52,53]],[60,[61,[2,0,0,0,0.520833125],[2,0,0,0,0]],[62,[4,4283190348],[0,512,512]],[63],[64],[65],[66,false],[67],[68]]],[69,0,540,0,2000,1108344832,57,[4,4278190080]],[58,"0",30,30,true,58,[4,4278519045]],[1,["2fEeJxAjVMSqPB2n1MPf7L"]],[70,6],[71,14],[72,55],[1,["17WJd2xK1CxZVf+o9kp7zQ"]],[1,["17WJd2xK1CxZVf+o9kp7zQ"]],[1,["17WJd2xK1CxZVf+o9kp7zQ"]],[1,["17WJd2xK1CxZVf+o9kp7zQ"]],[1,["17WJd2xK1CxZVf+o9kp7zQ"]],[1,["17WJd2xK1CxZVf+o9kp7zQ"]],[1,["17WJd2xK1CxZVf+o9kp7zQ"]],[1,["17WJd2xK1CxZVf+o9kp7zQ"]],[1,["17WJd2xK1CxZVf+o9kp7zQ"]],[1,["17WJd2xK1CxZVf+o9kp7zQ"]],[1,["17WJd2xK1CxZVf+o9kp7zQ"]],[1,["17WJd2xK1CxZVf+o9kp7zQ"]],[1,["17WJd2xK1CxZVf+o9kp7zQ"]],[1,["17WJd2xK1CxZVf+o9kp7zQ"]],[1,["17WJd2xK1CxZVf+o9kp7zQ"]],[1,["17WJd2xK1CxZVf+o9kp7zQ"]],[1,["17WJd2xK1CxZVf+o9kp7zQ"]],[1,["17WJd2xK1CxZVf+o9kp7zQ"]],[13,"Plant",56,[[8,-228]]],[13,"Zombie",56,[[8,-229]]]],0,[0,3,1,0,-1,65,0,-2,66,0,-3,67,0,-4,68,0,-5,69,0,-6,70,0,-7,71,0,-8,72,0,-9,73,0,-10,74,0,-11,75,0,-12,76,0,-13,77,0,-14,78,0,-15,79,0,-16,80,0,-17,81,0,-18,82,0,-19,83,0,-20,84,0,-21,85,0,-22,86,0,-23,87,0,-24,88,0,-25,89,0,-26,90,0,-27,91,0,-28,92,0,-29,93,0,-30,94,0,-31,95,0,-32,96,0,-33,97,0,-34,98,0,-35,99,0,-36,100,0,-37,101,0,-38,102,0,-39,103,0,-40,104,0,-41,105,0,-42,106,0,-43,107,0,-44,108,0,-45,109,0,3,2,0,9,111,0,3,2,0,3,2,0,-1,57,0,-2,5,0,-3,8,0,-4,56,0,-5,49,0,-6,14,0,-7,55,0,-8,60,0,2,15,0,2,15,0,2,15,0,2,15,0,2,15,0,0,3,0,2,16,0,2,16,0,2,16,0,2,16,0,2,113,0,2,113,0,2,16,0,0,4,0,3,5,0,10,112,0,3,5,0,3,5,0,11,54,0,-1,48,0,-2,50,0,-3,51,0,-4,52,0,-5,53,0,3,5,0,12,116,0,13,114,0,14,115,0,15,57,0,3,5,0,3,5,0,3,5,0,3,6,0,-2,114,0,3,6,0,-1,47,0,-2,58,0,3,7,0,-1,48,0,-2,50,0,-3,51,0,-4,52,0,-5,53,0,3,8,0,3,8,0,-1,45,0,-3,46,0,3,14,0,-2,115,0,-1,61,0,-2,62,0,-3,63,0,3,45,0,3,45,0,3,45,0,3,46,0,3,46,0,3,46,0,3,47,0,3,47,0,3,47,0,0,48,0,3,49,0,-1,59,0,0,50,0,0,51,0,0,52,0,0,53,0,3,54,0,3,54,0,3,55,0,-2,116,0,-1,64,0,-2,135,0,-3,136,0,-1,111,0,3,58,0,-2,112,0,0,59,0,3,60,0,3,61,0,3,61,0,3,62,0,3,62,0,3,63,0,3,63,0,3,64,0,3,64,0,0,65,0,0,66,0,0,67,0,0,68,0,0,69,0,0,70,0,0,71,0,0,72,0,0,73,0,0,74,0,0,75,0,0,76,0,0,77,0,0,78,0,0,79,0,0,80,0,0,81,0,0,82,0,0,83,0,0,84,0,0,85,0,0,86,0,0,87,0,0,88,0,0,89,0,0,90,0,0,91,0,2,117,0,2,117,0,0,92,0,2,118,0,2,118,0,0,93,0,2,119,0,2,119,0,0,94,0,2,120,0,2,120,0,0,95,0,2,121,0,2,121,0,0,96,0,2,122,0,2,122,0,0,97,0,2,123,0,2,123,0,0,98,0,2,124,0,2,124,0,0,99,0,2,125,0,2,125,0,0,100,0,2,126,0,2,126,0,0,101,0,2,127,0,2,127,0,0,102,0,2,128,0,2,128,0,0,103,0,2,129,0,2,129,0,0,104,0,2,130,0,2,130,0,0,105,0,2,131,0,2,131,0,0,106,0,2,132,0,2,132,0,0,107,0,2,133,0,2,133,0,0,108,0,2,134,0,2,134,0,0,109,0,3,135,0,3,136,0,16,110,1,5,56,2,5,110,3,5,6,4,5,6,6,5,8,7,5,49,54,5,60,229],[0,0,0,0,0,0,0,0,0,0,0,0,0,0,0,0,0,0,0,0,0,0,0,0,0,0,0,0,0,0,0,0,0,0,0,0,0,0,0,0,0,0,0,0,0,0,0,0,0,0,0,0,0,0,0,0,0,0,0,0,0,0,0,0,0,0,0],[6,6,1,1,7,7,17,-1,-2,18,1,1,1,1,1,1,6,6,6,-1,19,6,1,1,1,1,1,1,1,1,1,1,1,1,1,1,1,1,1,1,1,1,1,1,1,1,1,1,1,1,1,1,1,1,1,1,1,1,1,1,1,1,1,1,1,1,1],[12,13,2,2,14,15,16,17,18,1,19,1,1,1,1,1,20,21,22,3,3,23,0,0,0,0,0,0,0,0,0,0,0,0,0,0,0,0,0,0,0,0,0,0,0,0,0,0,0,0,0,0,0,0,0,0,0,0,0,0,0,0,0,0,0,0,0]]]]
