[1,["46ar7B+VRDgrbOBWg9IRYm@6c48a"],["_textureSource"],["cc.SpriteFrame"],0,[{"name":"TwinSunflower_9","rect":{"x":9,"y":2,"width":65,"height":82},"offset":{"x":0,"y":-1},"originalSize":{"width":83,"height":84},"rotated":false,"capInsets":[0,0,0,0],"vertices":{"rawPosition":[-32.5,-41,0,32.5,-41,0,-32.5,41,0,32.5,41,0],"indexes":[0,1,2,2,1,3],"uv":[9,82,74,82,9,0,74,0],"nuv":[0.10843373493975904,0,0.891566265060241,0,0.10843373493975904,0.9761904761904762,0.891566265060241,0.9761904761904762],"minPos":{"x":-32.5,"y":-41,"z":0},"maxPos":{"x":32.5,"y":41,"z":0}},"packable":true,"pixelsToUnit":100,"pivot":{"x":0.5,"y":0.5},"meshType":0}],[0],0,[0],[0],[0]]
