[1,["2eGd4ZhyNI6KxHknKfBZCA@6c48a"],["_textureSource"],["cc.SpriteFrame"],0,[{"name":"BucketheadZombie_7","rect":{"x":66,"y":2,"width":67,"height":141},"offset":{"x":16.5,"y":-0.5},"originalSize":{"width":166,"height":144},"rotated":false,"capInsets":[0,0,0,0],"vertices":{"rawPosition":[-33.5,-70.5,0,33.5,-70.5,0,-33.5,70.5,0,33.5,70.5,0],"indexes":[0,1,2,2,1,3],"uv":[66,142,133,142,66,1,133,1],"nuv":[0.39759036144578314,0.006944444444444444,0.8012048192771084,0.006944444444444444,0.39759036144578314,0.9861111111111112,0.8012048192771084,0.9861111111111112],"minPos":{"x":-33.5,"y":-70.5,"z":0},"maxPos":{"x":33.5,"y":70.5,"z":0}},"packable":true,"pixelsToUnit":100,"pivot":{"x":0.5,"y":0.5},"meshType":0}],[0],0,[0],[0],[0]]
