[1,["287+hSqKtHdZFCsd+LnIuH@6c48a"],["_textureSource"],["cc.SpriteFrame"],0,[{"name":"WallNut_11","rect":{"x":1,"y":2,"width":60,"height":70},"offset":{"x":-1.5,"y":-0.5},"originalSize":{"width":65,"height":73},"rotated":false,"capInsets":[0,0,0,0],"vertices":{"rawPosition":[-30,-35,0,30,-35,0,-30,35,0,30,35,0],"indexes":[0,1,2,2,1,3],"uv":[1,71,61,71,1,1,61,1],"nuv":[0.015384615384615385,0.0136986301369863,0.9384615384615385,0.0136986301369863,0.015384615384615385,0.9726027397260274,0.9384615384615385,0.9726027397260274],"minPos":{"x":-30,"y":-35,"z":0},"maxPos":{"x":30,"y":35,"z":0}},"packable":true,"pixelsToUnit":100,"pivot":{"x":0.5,"y":0.5},"meshType":0}],[0],0,[0],[0],[0]]
