[1,["1f2MQC8TdBhYY3m0hNSDZq@6c48a"],["_textureSource"],["cc.SpriteFrame"],0,[{"name":"Squash_2","rect":{"x":18,"y":141,"width":66,"height":85},"offset":{"x":1,"y":-70.5},"originalSize":{"width":100,"height":226},"rotated":false,"capInsets":[0,0,0,0],"vertices":{"rawPosition":[-33,-42.5,0,33,-42.5,0,-33,42.5,0,33,42.5,0],"indexes":[0,1,2,2,1,3],"uv":[18,85,84,85,18,0,84,0],"nuv":[0.18,0,0.84,0,0.18,0.37610619469026546,0.84,0.37610619469026546],"minPos":{"x":-33,"y":-42.5,"z":0},"maxPos":{"x":33,"y":42.5,"z":0}},"packable":true,"pixelsToUnit":100,"pivot":{"x":0.5,"y":0.5},"meshType":0}],[0],0,[0],[0],[0]]
