[1,["4dJnWovPNAWI+KuUlXHlFV@6c48a"],["_textureSource"],["cc.SpriteFrame"],0,[{"name":"PotatoMine_3","rect":{"x":1,"y":2,"width":74,"height":53},"offset":{"x":0.5,"y":-1},"originalSize":{"width":75,"height":55},"rotated":false,"capInsets":[0,0,0,0],"vertices":{"rawPosition":[-37,-26.5,0,37,-26.5,0,-37,26.5,0,37,26.5,0],"indexes":[0,1,2,2,1,3],"uv":[1,53,75,53,1,0,75,0],"nuv":[0.013333333333333334,0,1,0,0.013333333333333334,0.9636363636363636,1,0.9636363636363636],"minPos":{"x":-37,"y":-26.5,"z":0},"maxPos":{"x":37,"y":26.5,"z":0}},"packable":true,"pixelsToUnit":100,"pivot":{"x":0.5,"y":0.5},"meshType":0}],[0],0,[0],[0],[0]]
