[1,["4dbayzCF9O+bTSkmqoz6sr@6c48a"],["_textureSource"],["cc.SpriteFrame"],0,[{"name":"BucketheadZombie_11","rect":{"x":56,"y":8,"width":87,"height":135},"offset":{"x":16.5,"y":-3.5},"originalSize":{"width":166,"height":144},"rotated":false,"capInsets":[0,0,0,0],"vertices":{"rawPosition":[-43.5,-67.5,0,43.5,-67.5,0,-43.5,67.5,0,43.5,67.5,0],"indexes":[0,1,2,2,1,3],"uv":[56,136,143,136,56,1,143,1],"nuv":[0.3373493975903614,0.006944444444444444,0.8614457831325302,0.006944444444444444,0.3373493975903614,0.9444444444444444,0.8614457831325302,0.9444444444444444],"minPos":{"x":-43.5,"y":-67.5,"z":0},"maxPos":{"x":43.5,"y":67.5,"z":0}},"packable":true,"pixelsToUnit":100,"pivot":{"x":0.5,"y":0.5},"meshType":0}],[0],0,[0],[0],[0]]
