[1,["5cIm8eJ5FOBLr7kslCx93W@6c48a"],["_textureSource"],["cc.SpriteFrame"],0,[{"name":"SunFlower_14","rect":{"x":2,"y":2,"width":62,"height":71},"offset":{"x":-3.5,"y":-0.5},"originalSize":{"width":73,"height":74},"rotated":false,"capInsets":[0,0,0,0],"vertices":{"rawPosition":[-31,-35.5,0,31,-35.5,0,-31,35.5,0,31,35.5,0],"indexes":[0,1,2,2,1,3],"uv":[2,72,64,72,2,1,64,1],"nuv":[0.0273972602739726,0.013513513513513514,0.8767123287671232,0.013513513513513514,0.0273972602739726,0.972972972972973,0.8767123287671232,0.972972972972973],"minPos":{"x":-31,"y":-35.5,"z":0},"maxPos":{"x":31,"y":35.5,"z":0}},"packable":true,"pixelsToUnit":100,"pivot":{"x":0.5,"y":0.5},"meshType":0}],[0],0,[0],[0],[0]]
