[1,["5ciN/6nGdFYryuutpQzjhr@6c48a"],["_textureSource"],["cc.SpriteFrame"],0,[{"name":"GloomShroomBullet_12","rect":{"x":2,"y":0,"width":208,"height":200},"offset":{"x":1,"y":0},"originalSize":{"width":210,"height":200},"rotated":false,"capInsets":[0,0,0,0],"vertices":{"rawPosition":[-104,-100,0,104,-100,0,-104,100,0,104,100,0],"indexes":[0,1,2,2,1,3],"uv":[2,200,210,200,2,0,210,0],"nuv":[0.009523809523809525,0,1,0,0.009523809523809525,1,1,1],"minPos":{"x":-104,"y":-100,"z":0},"maxPos":{"x":104,"y":100,"z":0}},"packable":true,"pixelsToUnit":100,"pivot":{"x":0.5,"y":0.5},"meshType":0}],[0],0,[0],[0],[0]]
