[1,["3deV4RNUpOn7kkRWVNLavR@6c48a"],["_textureSource"],["cc.SpriteFrame"],0,[{"name":"BucketheadZombie_3","rect":{"x":56,"y":10,"width":79,"height":134},"offset":{"x":12.5,"y":-5},"originalSize":{"width":166,"height":144},"rotated":false,"capInsets":[0,0,0,0],"vertices":{"rawPosition":[-39.5,-67,0,39.5,-67,0,-39.5,67,0,39.5,67,0],"indexes":[0,1,2,2,1,3],"uv":[56,134,135,134,56,0,135,0],"nuv":[0.3373493975903614,0,0.8132530120481928,0,0.3373493975903614,0.9305555555555556,0.8132530120481928,0.9305555555555556],"minPos":{"x":-39.5,"y":-67,"z":0},"maxPos":{"x":39.5,"y":67,"z":0}},"packable":true,"pixelsToUnit":100,"pivot":{"x":0.5,"y":0.5},"meshType":0}],[0],0,[0],[0],[0]]
