[1,["3dpvTicJJLW6GJfTcbW6r8@6c48a"],["_textureSource"],["cc.SpriteFrame"],0,[{"name":"Zombie2_12","rect":{"x":65,"y":19,"width":62,"height":124},"offset":{"x":13,"y":-9},"originalSize":{"width":166,"height":144},"rotated":false,"capInsets":[0,0,0,0],"vertices":{"rawPosition":[-31,-62,0,31,-62,0,-31,62,0,31,62,0],"indexes":[0,1,2,2,1,3],"uv":[65,125,127,125,65,1,127,1],"nuv":[0.39156626506024095,0.006944444444444444,0.7650602409638554,0.006944444444444444,0.39156626506024095,0.8680555555555556,0.7650602409638554,0.8680555555555556],"minPos":{"x":-31,"y":-62,"z":0},"maxPos":{"x":31,"y":62,"z":0}},"packable":true,"pixelsToUnit":100,"pivot":{"x":0.5,"y":0.5},"meshType":0}],[0],0,[0],[0],[0]]
