[1,["5amVcsizhIXqU7gP9XoNTN@6c48a"],["_textureSource"],["cc.SpriteFrame"],0,[{"name":"JalapenoAttack_3","rect":{"x":0,"y":73,"width":755,"height":56},"offset":{"x":0,"y":-35.5},"originalSize":{"width":755,"height":131},"rotated":false,"capInsets":[0,0,0,0],"vertices":{"rawPosition":[-377.5,-28,0,377.5,-28,0,-377.5,28,0,377.5,28,0],"indexes":[0,1,2,2,1,3],"uv":[0,58,755,58,0,2,755,2],"nuv":[0,0.015267175572519083,1,0.015267175572519083,0,0.44274809160305345,1,0.44274809160305345],"minPos":{"x":-377.5,"y":-28,"z":0},"maxPos":{"x":377.5,"y":28,"z":0}},"packable":true,"pixelsToUnit":100,"pivot":{"x":0.5,"y":0.5},"meshType":0}],[0],0,[0],[0],[0]]
