[1,["5a5hjAJi5Om7kBrFJVbSVt@6c48a"],["_textureSource"],["cc.SpriteFrame"],0,[{"name":"FlagZombieLostHeadAttack_10","rect":{"x":60,"y":2,"width":96,"height":141},"offset":{"x":25,"y":-0.5},"originalSize":{"width":166,"height":144},"rotated":false,"capInsets":[0,0,0,0],"vertices":{"rawPosition":[-48,-70.5,0,48,-70.5,0,-48,70.5,0,48,70.5,0],"indexes":[0,1,2,2,1,3],"uv":[60,142,156,142,60,1,156,1],"nuv":[0.3614457831325301,0.006944444444444444,0.9397590361445783,0.006944444444444444,0.3614457831325301,0.9861111111111112,0.9397590361445783,0.9861111111111112],"minPos":{"x":-48,"y":-70.5,"z":0},"maxPos":{"x":48,"y":70.5,"z":0}},"packable":true,"pixelsToUnit":100,"pivot":{"x":0.5,"y":0.5},"meshType":0}],[0],0,[0],[0],[0]]
