[1,["5a8T7uGYNM36MSdXs1Gnbs@6c48a"],["_textureSource"],["cc.SpriteFrame"],0,[{"name":"TwinSunflower_20","rect":{"x":2,"y":1,"width":79,"height":83},"offset":{"x":0,"y":-0.5},"originalSize":{"width":83,"height":84},"rotated":false,"capInsets":[0,0,0,0],"vertices":{"rawPosition":[-39.5,-41.5,0,39.5,-41.5,0,-39.5,41.5,0,39.5,41.5,0],"indexes":[0,1,2,2,1,3],"uv":[2,83,81,83,2,0,81,0],"nuv":[0.024096385542168676,0,0.9759036144578314,0,0.024096385542168676,0.9880952380952381,0.9759036144578314,0.9880952380952381],"minPos":{"x":-39.5,"y":-41.5,"z":0},"maxPos":{"x":39.5,"y":41.5,"z":0}},"packable":true,"pixelsToUnit":100,"pivot":{"x":0.5,"y":0.5},"meshType":0}],[0],0,[0],[0],[0]]
