[1,["06ZwPzldRNq4bt1ZYTMtgc@6c48a"],["_textureSource"],["cc.SpriteFrame"],0,[{"name":"FlagZombie_9","rect":{"x":57,"y":0,"width":94,"height":141},"offset":{"x":21,"y":1.5},"originalSize":{"width":166,"height":144},"rotated":false,"capInsets":[0,0,0,0],"vertices":{"rawPosition":[-47,-70.5,0,47,-70.5,0,-47,70.5,0,47,70.5,0],"indexes":[0,1,2,2,1,3],"uv":[57,144,151,144,57,3,151,3],"nuv":[0.3433734939759036,0.020833333333333332,0.9096385542168675,0.020833333333333332,0.3433734939759036,1,0.9096385542168675,1],"minPos":{"x":-47,"y":-70.5,"z":0},"maxPos":{"x":47,"y":70.5,"z":0}},"packable":true,"pixelsToUnit":100,"pivot":{"x":0.5,"y":0.5},"meshType":0}],[0],0,[0],[0],[0]]
