[1,["7crOxH+GFInpxdE7jrAr+g@f9941","20g1ukYUVPvKWKBRznAKo+@6c48a","20g1ukYUVPvKWKBRznAKo+@f9941","54TknWPwVPqJqeCR+Y/Czo@f9941","95EkngnxZFbYuFpsqVTaFr@f9941","d0a2k01QlLio8p+26ykPyG@f9941","54TknWPwVPqJqeCR+Y/Czo@6c48a","95EkngnxZFbYuFpsqVTaFr@6c48a"],["node","_textureSource","_parent","_spriteFrame","_target","target","_cameraComponent","scene","_normalSprite","_hoverSprite","_pressedSprite","_disabledSprite"],["cc.SpriteFrame",["cc.Node",["_name","_layer","_id","_components","_lpos","_children","_parent"],0,9,5,2,1],["cc.Widget",["_alignFlags","_bottom","_isAbsBottom","_horizontalCenter","_isAbsHorizontalCenter","_top","_isAbsLeft","_isAbsRight","_isAbsTop","_originalWidth","_originalHeight","node"],-8,1],["cc.Sprite",["_sizeMode","_type","node","_spriteFrame","_color"],1,1,6,5],["cc.SceneAsset",["_name"],2],["cc.Node",["_name","_parent","_components","_lpos"],2,1,2,5],["cc.UITransform",["node","_contentSize"],3,1,5],["cc.Button",["_transition","node","clickEvents","_normalColor","_target","_normalSprite","_hoverSprite","_pressedSprite","_disabledSprite"],2,1,9,5,1,6,6,6,6],["cc.ClickEvent",["_componentId","handler","target"],1,1],["bc481xJDblNRLdv71oKm6eJ",["node"],3,1],["868acGdA2FF+onJliNMn38c",["node"],3,1],["cc.AudioSource",["node"],3,1],["cc.Canvas",["node","_cameraComponent"],3,1,1],["cc.Scene",["_name","_children","_globals"],2,2,4],["cc.SceneGlobals",["ambient","shadows","_skybox","fog","octree","skin","lightProbeInfo","postSettings"],3,4,4,4,4,4,4,4,4],["cc.AmbientInfo",["_skyColorHDR","_groundAlbedoHDR"],3,5,5],["cc.ShadowsInfo",["_shadowColor","_size"],3,5,5],["cc.SkyboxInfo",[],3],["cc.FogInfo",[],3],["cc.OctreeInfo",[],3],["cc.SkinInfo",["_enabled"],2],["cc.LightProbeInfo",[],3],["cc.PostSettingsInfo",[],3],["cc.Camera",["_projection","_orthoHeight","_near","_far","_visibility","node","_color"],-2,1,5]],[[6,0,1,1],[4,0,2],[1,0,1,3,4,3],[1,0,1,2,5,3,4,4],[1,0,1,6,5,3,3],[5,0,1,2,3,2],[3,1,0,2,4,3,3],[3,0,2,3,2],[7,0,1,2,3,4,5,6,7,8,2],[8,0,1,2,3],[9,0,1],[2,0,1,3,2,4,11,6],[2,0,5,1,11,4],[2,0,6,7,8,2,9,10,11,8],[10,0,1],[11,0,1],[12,0,1,1],[13,0,1,2,2],[14,0,1,2,3,4,5,6,7,1],[15,0,1,1],[16,0,1,1],[17,1],[18,1],[19,1],[20,0,2],[21,1],[22,1],[23,0,1,2,3,4,5,6,6]],[[[{"name":"default_btn_normal","rect":{"x":0,"y":0,"width":40,"height":40},"offset":{"x":0,"y":0},"originalSize":{"width":40,"height":40},"rotated":false,"capInsets":[12,12,12,12],"vertices":{"rawPosition":[-20,-20,0,20,-20,0,-20,20,0,20,20,0],"indexes":[0,1,2,2,1,3],"uv":[0,40,40,40,0,0,40,0],"nuv":[0,0,1,0,0,1,1,1],"minPos":{"x":-20,"y":-20,"z":0},"maxPos":{"x":20,"y":20,"z":0}},"packable":true,"pixelsToUnit":100,"pivot":{"x":0.5,"y":0.5},"meshType":0}],[0],0,[0],[1],[1]],[[[1,"Start"],[2,"start",33554432,[[0,-1,[5,725.502,82.986]],[6,1,0,-2,[4,402653183],0],[8,2,-5,[[9,"bc481xJDblNRLdv71oKm6eJ","loadMenu",-4]],[4,4292269782],-3,1,2,3,4],[10,-6],[11,20,0.03946666666666661,-0.002396354166666667,false,false,-7],[14,-8],[15,-9]],[1,-4.601,-455.8830000000001,0]],[3,"Canvas",33554432,"beI88Z2HpFELqR4T5EMHpg",[-14,-15],[[0,-10,[5,1920,1080]],[16,-12,-11],[12,45,5.684341886080802e-14,5.684341886080802e-14,-13]],[1,960,540,0]],[4,"menu",33554432,2,[1],[[0,-16,[5,1920,1080]],[7,0,-17,5],[13,45,false,false,false,false,1920,1080,-18]]],[17,"Start",[2],[18,[19,[2,0,0,0,0.520833125],[2,0,0,0,0]],[20,[4,4283190348],[0,512,512]],[21],[22],[23],[24,false],[25],[26]]],[5,"Camera",2,[-19],[1,0,0,1000]],[27,0,674.5539906103286,0,2000,1108344832,5,[4,4278190080]]],0,[0,0,1,0,0,1,0,4,1,0,5,1,0,0,1,0,0,1,0,0,1,0,0,1,0,0,1,0,0,2,0,6,6,0,0,2,0,0,2,0,-1,5,0,-2,3,0,0,3,0,0,3,0,0,3,0,-1,6,0,7,4,1,2,3,2,2,4,19],[0,0,0,0,0,0],[3,8,9,10,11,3],[0,0,2,3,4,5]],[[{"name":"default_btn_pressed","rect":{"x":0,"y":0,"width":40,"height":40},"offset":{"x":0,"y":0},"originalSize":{"width":40,"height":40},"rotated":false,"capInsets":[12,12,12,12],"vertices":{"rawPosition":[-20,-20,0,20,-20,0,-20,20,0,20,20,0],"indexes":[0,1,2,2,1,3],"uv":[0,40,40,40,0,0,40,0],"nuv":[0,0,1,0,0,1,1,1],"minPos":{"x":-20,"y":-20,"z":0},"maxPos":{"x":20,"y":20,"z":0}},"packable":true,"pixelsToUnit":100,"pivot":{"x":0.5,"y":0.5},"meshType":0}],[0],0,[0],[1],[6]],[[{"name":"default_btn_disabled","rect":{"x":0,"y":0,"width":40,"height":40},"offset":{"x":0,"y":0},"originalSize":{"width":40,"height":40},"rotated":false,"capInsets":[12,12,12,12],"vertices":{"rawPosition":[-20,-20,0,20,-20,0,-20,20,0,20,20,0],"indexes":[0,1,2,2,1,3],"uv":[0,40,40,40,0,0,40,0],"nuv":[0,0,1,0,0,1,1,1],"minPos":{"x":-20,"y":-20,"z":0},"maxPos":{"x":20,"y":20,"z":0}},"packable":true,"pixelsToUnit":100,"pivot":{"x":0.5,"y":0.5},"meshType":0}],[0],0,[0],[1],[7]]]]
