[1,["5bwWcynttMJpJgjO8xiH1+@6c48a"],["_textureSource"],["cc.SpriteFrame"],0,[{"name":"SunFlower_2","rect":{"x":4,"y":2,"width":62,"height":72},"offset":{"x":-1.5,"y":-1},"originalSize":{"width":73,"height":74},"rotated":false,"capInsets":[0,0,0,0],"vertices":{"rawPosition":[-31,-36,0,31,-36,0,-31,36,0,31,36,0],"indexes":[0,1,2,2,1,3],"uv":[4,72,66,72,4,0,66,0],"nuv":[0.0547945205479452,0,0.9041095890410958,0,0.0547945205479452,0.972972972972973,0.9041095890410958,0.972972972972973],"minPos":{"x":-31,"y":-36,"z":0},"maxPos":{"x":31,"y":36,"z":0}},"packable":true,"pixelsToUnit":100,"pivot":{"x":0.5,"y":0.5},"meshType":0}],[0],0,[0],[0],[0]]
