[1,["3adht7AuVKiILapIYhCKsM@6c48a"],["_textureSource"],["cc.SpriteFrame"],0,[{"name":"background2","rect":{"x":0,"y":0,"width":1400,"height":600},"offset":{"x":0,"y":0},"originalSize":{"width":1400,"height":600},"rotated":false,"capInsets":[0,0,0,0],"vertices":{"rawPosition":[-700,-300,0,700,-300,0,-700,300,0,700,300,0],"indexes":[0,1,2,2,1,3],"uv":[0,600,1400,600,0,0,1400,0],"nuv":[0,0,1,0,0,1,1,1],"minPos":{"x":-700,"y":-300,"z":0},"maxPos":{"x":700,"y":300,"z":0}},"packable":true,"pixelsToUnit":100,"pivot":{"x":0.5,"y":0.5},"meshType":0}],[0],0,[0],[0],[0]]
