[1,["02PebEm5dC1K0XiOWjAFRI@6c48a"],["_textureSource"],["cc.SpriteFrame"],0,[{"name":"WallNutG","rect":{"x":0,"y":0,"width":100,"height":59},"offset":{"x":0,"y":0},"originalSize":{"width":100,"height":59},"rotated":false,"capInsets":[0,0,0,0],"vertices":{"rawPosition":[-50,-29.5,0,50,-29.5,0,-50,29.5,0,50,29.5,0],"indexes":[0,1,2,2,1,3],"uv":[0,59,100,59,0,0,100,0],"nuv":[0,0,1,0,0,1,1,1],"minPos":{"x":-50,"y":-29.5,"z":0},"maxPos":{"x":50,"y":29.5,"z":0}},"packable":true,"pixelsToUnit":100,"pivot":{"x":0.5,"y":0.5},"meshType":0}],[0],0,[0],[0],[0]]
