[1,["02/2DhUWlPWIWnUMTOOcw5@6c48a"],["_textureSource"],["cc.SpriteFrame"],0,[{"name":"TwinSunflower_5","rect":{"x":7,"y":0,"width":69,"height":84},"offset":{"x":0,"y":0},"originalSize":{"width":83,"height":84},"rotated":false,"capInsets":[0,0,0,0],"vertices":{"rawPosition":[-34.5,-42,0,34.5,-42,0,-34.5,42,0,34.5,42,0],"indexes":[0,1,2,2,1,3],"uv":[7,84,76,84,7,0,76,0],"nuv":[0.08433734939759036,0,0.9156626506024096,0,0.08433734939759036,1,0.9156626506024096,1],"minPos":{"x":-34.5,"y":-42,"z":0},"maxPos":{"x":34.5,"y":42,"z":0}},"packable":true,"pixelsToUnit":100,"pivot":{"x":0.5,"y":0.5},"meshType":0}],[0],0,[0],[0],[0]]
