[1,["31H3223UdMG7QPgTiDeIzT@6c48a"],["_textureSource"],["cc.SpriteFrame"],0,[{"name":"FlagZombieLostHead_12","rect":{"x":55,"y":0,"width":104,"height":141},"offset":{"x":24,"y":1.5},"originalSize":{"width":166,"height":144},"rotated":false,"capInsets":[0,0,0,0],"vertices":{"rawPosition":[-52,-70.5,0,52,-70.5,0,-52,70.5,0,52,70.5,0],"indexes":[0,1,2,2,1,3],"uv":[55,144,159,144,55,3,159,3],"nuv":[0.3313253012048193,0.020833333333333332,0.9578313253012049,0.020833333333333332,0.3313253012048193,1,0.9578313253012049,1],"minPos":{"x":-52,"y":-70.5,"z":0},"maxPos":{"x":52,"y":70.5,"z":0}},"packable":true,"pixelsToUnit":100,"pivot":{"x":0.5,"y":0.5},"meshType":0}],[0],0,[0],[0],[0]]
