[1,["315gVNTUJJhLITBTQFUsJb@6c48a"],["_textureSource"],["cc.SpriteFrame"],0,[{"name":"ConeheadZombie_21","rect":{"x":81,"y":5,"width":75,"height":138},"offset":{"x":35.5,"y":-2},"originalSize":{"width":166,"height":144},"rotated":false,"capInsets":[0,0,0,0],"vertices":{"rawPosition":[-37.5,-69,0,37.5,-69,0,-37.5,69,0,37.5,69,0],"indexes":[0,1,2,2,1,3],"uv":[81,139,156,139,81,1,156,1],"nuv":[0.4879518072289157,0.006944444444444444,0.9397590361445783,0.006944444444444444,0.4879518072289157,0.9652777777777778,0.9397590361445783,0.9652777777777778],"minPos":{"x":-37.5,"y":-69,"z":0},"maxPos":{"x":37.5,"y":69,"z":0}},"packable":true,"pixelsToUnit":100,"pivot":{"x":0.5,"y":0.5},"meshType":0}],[0],0,[0],[0],[0]]
