[1,["55158KZ9RKLJSSYbfbDM/K@6c48a"],["_textureSource"],["cc.SpriteFrame"],0,[{"name":"ConeheadZombieAttack_5","rect":{"x":88,"y":0,"width":78,"height":144},"offset":{"x":44,"y":0},"originalSize":{"width":166,"height":144},"rotated":false,"capInsets":[0,0,0,0],"vertices":{"rawPosition":[-39,-72,0,39,-72,0,-39,72,0,39,72,0],"indexes":[0,1,2,2,1,3],"uv":[88,144,166,144,88,0,166,0],"nuv":[0.5301204819277109,0,1,0,0.5301204819277109,1,1,1],"minPos":{"x":-39,"y":-72,"z":0},"maxPos":{"x":39,"y":72,"z":0}},"packable":true,"pixelsToUnit":100,"pivot":{"x":0.5,"y":0.5},"meshType":0}],[0],0,[0],[0],[0]]
