[1,["558utZwZtE0bUf2CfjP5Hi@6c48a"],["_textureSource"],["cc.SpriteFrame"],0,[{"name":"button","rect":{"x":0,"y":0,"width":113,"height":41},"offset":{"x":0,"y":0},"originalSize":{"width":113,"height":41},"rotated":false,"capInsets":[0,0,0,0],"vertices":{"rawPosition":[-56.5,-20.5,0,56.5,-20.5,0,-56.5,20.5,0,56.5,20.5,0],"indexes":[0,1,2,2,1,3],"uv":[0,41,113,41,0,0,113,0],"nuv":[0,0,1,0,0,1,1,1],"minPos":{"x":-56.5,"y":-20.5,"z":0},"maxPos":{"x":56.5,"y":20.5,"z":0}},"packable":true,"pixelsToUnit":100,"pivot":{"x":0.5,"y":0.5},"meshType":0}],[0],0,[0],[0],[0]]
