[1,["4bikN/j2BLfbxQayfFl9Ig@6c48a"],["_textureSource"],["cc.SpriteFrame"],0,[{"name":"SunFlower_7","rect":{"x":10,"y":10,"width":63,"height":64},"offset":{"x":5,"y":-5},"originalSize":{"width":73,"height":74},"rotated":false,"capInsets":[0,0,0,0],"vertices":{"rawPosition":[-31.5,-32,0,31.5,-32,0,-31.5,32,0,31.5,32,0],"indexes":[0,1,2,2,1,3],"uv":[10,64,73,64,10,0,73,0],"nuv":[0.136986301369863,0,1,0,0.136986301369863,0.8648648648648649,1,0.8648648648648649],"minPos":{"x":-31.5,"y":-32,"z":0},"maxPos":{"x":31.5,"y":32,"z":0}},"packable":true,"pixelsToUnit":100,"pivot":{"x":0.5,"y":0.5},"meshType":0}],[0],0,[0],[0],[0]]
