[1,["1bdgXrpyJFaIZCGlesaVJI@6c48a"],["_textureSource"],["cc.SpriteFrame"],0,[{"name":"BoomDie_4","rect":{"x":69,"y":30,"width":70,"height":111},"offset":{"x":21,"y":-13.5},"originalSize":{"width":166,"height":144},"rotated":false,"capInsets":[0,0,0,0],"vertices":{"rawPosition":[-35,-55.5,0,35,-55.5,0,-35,55.5,0,35,55.5,0],"indexes":[0,1,2,2,1,3],"uv":[69,114,139,114,69,3,139,3],"nuv":[0.41566265060240964,0.020833333333333332,0.8373493975903614,0.020833333333333332,0.41566265060240964,0.7916666666666666,0.8373493975903614,0.7916666666666666],"minPos":{"x":-35,"y":-55.5,"z":0},"maxPos":{"x":35,"y":55.5,"z":0}},"packable":true,"pixelsToUnit":100,"pivot":{"x":0.5,"y":0.5},"meshType":0}],[0],0,[0],[0],[0]]
