[1,["1bhegzRTZL9aqRoZZIyM1e@6c48a"],["_textureSource"],["cc.SpriteFrame"],0,[{"name":"APPROACHING","rect":{"x":12,"y":11,"width":470,"height":58},"offset":{"x":1,"y":0},"originalSize":{"width":492,"height":80},"rotated":false,"capInsets":[0,0,0,0],"vertices":{"rawPosition":[-235,-29,0,235,-29,0,-235,29,0,235,29,0],"indexes":[0,1,2,2,1,3],"uv":[12,69,482,69,12,11,482,11],"nuv":[0.024390243902439025,0.1375,0.9796747967479674,0.1375,0.024390243902439025,0.8625,0.9796747967479674,0.8625],"minPos":{"x":-235,"y":-29,"z":0},"maxPos":{"x":235,"y":29,"z":0}},"packable":true,"pixelsToUnit":100,"pivot":{"x":0.5,"y":0.5},"meshType":0}],[0],0,[0],[0],[0]]
