[1,["1bjs2WE9tAa7AdnHRQMFE+@6c48a"],["_textureSource"],["cc.SpriteFrame"],0,[{"name":"LoadBar_grass","rect":{"x":0,"y":0,"width":314,"height":33},"offset":{"x":0,"y":0},"originalSize":{"width":314,"height":33},"rotated":false,"capInsets":[0,0,0,0],"vertices":{"rawPosition":[-157,-16.5,0,157,-16.5,0,-157,16.5,0,157,16.5,0],"indexes":[0,1,2,2,1,3],"uv":[0,33,314,33,0,0,314,0],"nuv":[0,0,1,0,0,1,1,1],"minPos":{"x":-157,"y":-16.5,"z":0},"maxPos":{"x":157,"y":16.5,"z":0}},"packable":true,"pixelsToUnit":100,"pivot":{"x":0.5,"y":0.5},"meshType":0}],[0],0,[0],[0],[0]]
