[1,["1dXYMk/XhESpNaZTTt8hiy@6c48a"],["_textureSource"],["cc.SpriteFrame"],0,[{"name":"ConeheadZombie_13","rect":{"x":82,"y":3,"width":75,"height":141},"offset":{"x":36.5,"y":-1.5},"originalSize":{"width":166,"height":144},"rotated":false,"capInsets":[0,0,0,0],"vertices":{"rawPosition":[-37.5,-70.5,0,37.5,-70.5,0,-37.5,70.5,0,37.5,70.5,0],"indexes":[0,1,2,2,1,3],"uv":[82,141,157,141,82,0,157,0],"nuv":[0.4939759036144578,0,0.9457831325301205,0,0.4939759036144578,0.9791666666666666,0.9457831325301205,0.9791666666666666],"minPos":{"x":-37.5,"y":-70.5,"z":0},"maxPos":{"x":37.5,"y":70.5,"z":0}},"packable":true,"pixelsToUnit":100,"pivot":{"x":0.5,"y":0.5},"meshType":0}],[0],0,[0],[0],[0]]
