[1,["1djaZ/+OJMiJXHVr5QlAgg@6c48a"],["_textureSource"],["cc.SpriteFrame"],0,[{"name":"Wallnut_cracked2_2","rect":{"x":0,"y":9,"width":61,"height":64},"offset":{"x":-2,"y":-4.5},"originalSize":{"width":65,"height":73},"rotated":false,"capInsets":[0,0,0,0],"vertices":{"rawPosition":[-30.5,-32,0,30.5,-32,0,-30.5,32,0,30.5,32,0],"indexes":[0,1,2,2,1,3],"uv":[0,64,61,64,0,0,61,0],"nuv":[0,0,0.9384615384615385,0,0,0.8767123287671232,0.9384615384615385,0.8767123287671232],"minPos":{"x":-30.5,"y":-32,"z":0},"maxPos":{"x":30.5,"y":32,"z":0}},"packable":true,"pixelsToUnit":100,"pivot":{"x":0.5,"y":0.5},"meshType":0}],[0],0,[0],[0],[0]]
