[1,["1dkXvQsFRJ9oSHQynP6EKE@6c48a"],["_textureSource"],["cc.SpriteFrame"],0,[{"name":"SnowPea_12","rect":{"x":0,"y":0,"width":64,"height":71},"offset":{"x":-3.5,"y":0},"originalSize":{"width":71,"height":71},"rotated":false,"capInsets":[0,0,0,0],"vertices":{"rawPosition":[-32,-35.5,0,32,-35.5,0,-32,35.5,0,32,35.5,0],"indexes":[0,1,2,2,1,3],"uv":[0,71,64,71,0,0,64,0],"nuv":[0,0,0.9014084507042254,0,0,1,0.9014084507042254,1],"minPos":{"x":-32,"y":-35.5,"z":0},"maxPos":{"x":32,"y":35.5,"z":0}},"packable":true,"pixelsToUnit":100,"pivot":{"x":0.5,"y":0.5},"meshType":0}],[0],0,[0],[0],[0]]
