[1,["1d3+g6vPNJ6pMxD8stUZWP@6c48a"],["_textureSource"],["cc.SpriteFrame"],0,[{"name":"FlagZombieLostHead_1","rect":{"x":55,"y":0,"width":107,"height":141},"offset":{"x":25.5,"y":1.5},"originalSize":{"width":166,"height":144},"rotated":false,"capInsets":[0,0,0,0],"vertices":{"rawPosition":[-53.5,-70.5,0,53.5,-70.5,0,-53.5,70.5,0,53.5,70.5,0],"indexes":[0,1,2,2,1,3],"uv":[55,144,162,144,55,3,162,3],"nuv":[0.3313253012048193,0.020833333333333332,0.9759036144578314,0.020833333333333332,0.3313253012048193,1,0.9759036144578314,1],"minPos":{"x":-53.5,"y":-70.5,"z":0},"maxPos":{"x":53.5,"y":70.5,"z":0}},"packable":true,"pixelsToUnit":100,"pivot":{"x":0.5,"y":0.5},"meshType":0}],[0],0,[0],[0],[0]]
