[1,["1d4x56w0NE1ZsvEepa15I7@6c48a"],["_textureSource"],["cc.SpriteFrame"],0,[{"name":"TwinSunflower_6","rect":{"x":8,"y":1,"width":67,"height":83},"offset":{"x":0,"y":-0.5},"originalSize":{"width":83,"height":84},"rotated":false,"capInsets":[0,0,0,0],"vertices":{"rawPosition":[-33.5,-41.5,0,33.5,-41.5,0,-33.5,41.5,0,33.5,41.5,0],"indexes":[0,1,2,2,1,3],"uv":[8,83,75,83,8,0,75,0],"nuv":[0.0963855421686747,0,0.9036144578313253,0,0.0963855421686747,0.9880952380952381,0.9036144578313253,0.9880952380952381],"minPos":{"x":-33.5,"y":-41.5,"z":0},"maxPos":{"x":33.5,"y":41.5,"z":0}},"packable":true,"pixelsToUnit":100,"pivot":{"x":0.5,"y":0.5},"meshType":0}],[0],0,[0],[0],[0]]
