[1,["1d8F9PY19E97Y0Qzbu12pK@6c48a"],["_textureSource"],["cc.SpriteFrame"],0,[{"name":"FumeShroomBullet_8","rect":{"x":31,"y":2,"width":312,"height":60},"offset":{"x":15.5,"y":-1},"originalSize":{"width":343,"height":62},"rotated":false,"capInsets":[0,0,0,0],"vertices":{"rawPosition":[-156,-30,0,156,-30,0,-156,30,0,156,30,0],"indexes":[0,1,2,2,1,3],"uv":[31,60,343,60,31,0,343,0],"nuv":[0.09037900874635568,0,1,0,0.09037900874635568,0.967741935483871,1,0.967741935483871],"minPos":{"x":-156,"y":-30,"z":0},"maxPos":{"x":156,"y":30,"z":0}},"packable":true,"pixelsToUnit":100,"pivot":{"x":0.5,"y":0.5},"meshType":0}],[0],0,[0],[0],[0]]
