[1,["3fPJaEcLRNFpddSee6ORdP@6c48a"],["_textureSource"],["cc.SpriteFrame"],0,[{"name":"SnowPeaBullet","rect":{"x":26,"y":3,"width":26,"height":26},"offset":{"x":11,"y":1},"originalSize":{"width":56,"height":34},"rotated":false,"capInsets":[0,0,0,0],"vertices":{"rawPosition":[-13,-13,0,13,-13,0,-13,13,0,13,13,0],"indexes":[0,1,2,2,1,3],"uv":[26,31,52,31,26,5,52,5],"nuv":[0.4642857142857143,0.14705882352941177,0.9285714285714286,0.14705882352941177,0.4642857142857143,0.9117647058823529,0.9285714285714286,0.9117647058823529],"minPos":{"x":-13,"y":-13,"z":0},"maxPos":{"x":13,"y":13,"z":0}},"packable":true,"pixelsToUnit":100,"pivot":{"x":0.5,"y":0.5},"meshType":0}],[0],0,[0],[0],[0]]
