[1,["0aTQkgFulNA48yQ+ec6XKB@6c48a"],["_textureSource"],["cc.SpriteFrame"],0,[{"name":"Repeater_5","rect":{"x":3,"y":0,"width":65,"height":70},"offset":{"x":-1,"y":0.5},"originalSize":{"width":73,"height":71},"rotated":false,"capInsets":[0,0,0,0],"vertices":{"rawPosition":[-32.5,-35,0,32.5,-35,0,-32.5,35,0,32.5,35,0],"indexes":[0,1,2,2,1,3],"uv":[3,71,68,71,3,1,68,1],"nuv":[0.0410958904109589,0.014084507042253521,0.9315068493150684,0.014084507042253521,0.0410958904109589,1,0.9315068493150684,1],"minPos":{"x":-32.5,"y":-35,"z":0},"maxPos":{"x":32.5,"y":35,"z":0}},"packable":true,"pixelsToUnit":100,"pivot":{"x":0.5,"y":0.5},"meshType":0}],[0],0,[0],[0],[0]]
