[1,["0a01SEnQRAealu8xOjpnf8@6c48a"],["_textureSource"],["cc.SpriteFrame"],0,[{"name":"Zombie2_13","rect":{"x":67,"y":18,"width":62,"height":125},"offset":{"x":15,"y":-8.5},"originalSize":{"width":166,"height":144},"rotated":false,"capInsets":[0,0,0,0],"vertices":{"rawPosition":[-31,-62.5,0,31,-62.5,0,-31,62.5,0,31,62.5,0],"indexes":[0,1,2,2,1,3],"uv":[67,126,129,126,67,1,129,1],"nuv":[0.4036144578313253,0.006944444444444444,0.7771084337349398,0.006944444444444444,0.4036144578313253,0.875,0.7771084337349398,0.875],"minPos":{"x":-31,"y":-62.5,"z":0},"maxPos":{"x":31,"y":62.5,"z":0}},"packable":true,"pixelsToUnit":100,"pivot":{"x":0.5,"y":0.5},"meshType":0}],[0],0,[0],[0],[0]]
