[1,["2cZqWCL2dCZYFB4gV6Zvq1@6c48a"],["_textureSource"],["cc.SpriteFrame"],0,[{"name":"TallnutCracked1_5","rect":{"x":2,"y":2,"width":81,"height":117},"offset":{"x":1,"y":-1},"originalSize":{"width":83,"height":119},"rotated":false,"capInsets":[0,0,0,0],"vertices":{"rawPosition":[-40.5,-58.5,0,40.5,-58.5,0,-40.5,58.5,0,40.5,58.5,0],"indexes":[0,1,2,2,1,3],"uv":[2,117,83,117,2,0,83,0],"nuv":[0.024096385542168676,0,1,0,0.024096385542168676,0.9831932773109243,1,0.9831932773109243],"minPos":{"x":-40.5,"y":-58.5,"z":0},"maxPos":{"x":40.5,"y":58.5,"z":0}},"packable":true,"pixelsToUnit":100,"pivot":{"x":0.5,"y":0.5},"meshType":0}],[0],0,[0],[0],[0]]
