[1,["2cce3a9LhC9LJNZZuqdfdA@6c48a"],["_textureSource"],["cc.SpriteFrame"],0,[{"name":"FumeShroomBullet_5","rect":{"x":7,"y":6,"width":313,"height":53},"offset":{"x":-8,"y":-1.5},"originalSize":{"width":343,"height":62},"rotated":false,"capInsets":[0,0,0,0],"vertices":{"rawPosition":[-156.5,-26.5,0,156.5,-26.5,0,-156.5,26.5,0,156.5,26.5,0],"indexes":[0,1,2,2,1,3],"uv":[7,56,320,56,7,3,320,3],"nuv":[0.02040816326530612,0.04838709677419355,0.9329446064139941,0.04838709677419355,0.02040816326530612,0.9032258064516129,0.9329446064139941,0.9032258064516129],"minPos":{"x":-156.5,"y":-26.5,"z":0},"maxPos":{"x":156.5,"y":26.5,"z":0}},"packable":true,"pixelsToUnit":100,"pivot":{"x":0.5,"y":0.5},"meshType":0}],[0],0,[0],[0],[0]]
