[1,["2chHpDHFtEIKA8UII6qsgp@6c48a"],["_textureSource"],["cc.SpriteFrame"],0,[{"name":"Wallnut_cracked2_13","rect":{"x":3,"y":7,"width":60,"height":66},"offset":{"x":0.5,"y":-3.5},"originalSize":{"width":65,"height":73},"rotated":false,"capInsets":[0,0,0,0],"vertices":{"rawPosition":[-30,-33,0,30,-33,0,-30,33,0,30,33,0],"indexes":[0,1,2,2,1,3],"uv":[3,66,63,66,3,0,63,0],"nuv":[0.046153846153846156,0,0.9692307692307692,0,0.046153846153846156,0.9041095890410958,0.9692307692307692,0.9041095890410958],"minPos":{"x":-30,"y":-33,"z":0},"maxPos":{"x":30,"y":33,"z":0}},"packable":true,"pixelsToUnit":100,"pivot":{"x":0.5,"y":0.5},"meshType":0}],[0],0,[0],[0],[0]]
