[1,["2cwFCYsfpJPbLiItv99v/c@6c48a"],["_textureSource"],["cc.SpriteFrame"],0,[{"name":"SquashAttack_2","rect":{"x":19,"y":29,"width":66,"height":87},"offset":{"x":2,"y":40.5},"originalSize":{"width":100,"height":226},"rotated":false,"capInsets":[0,0,0,0],"vertices":{"rawPosition":[-33,-43.5,0,33,-43.5,0,-33,43.5,0,33,43.5,0],"indexes":[0,1,2,2,1,3],"uv":[19,197,85,197,19,110,85,110],"nuv":[0.19,0.48672566371681414,0.85,0.48672566371681414,0.19,0.8716814159292036,0.85,0.8716814159292036],"minPos":{"x":-33,"y":-43.5,"z":0},"maxPos":{"x":33,"y":43.5,"z":0}},"packable":true,"pixelsToUnit":100,"pivot":{"x":0.5,"y":0.5},"meshType":0}],[0],0,[0],[0],[0]]
