[1,["2czZZ5XPNIEJHZtMzuDT3y@6c48a"],["_textureSource"],["cc.SpriteFrame"],0,[{"name":"Repeater_4","rect":{"x":4,"y":1,"width":65,"height":69},"offset":{"x":0,"y":0},"originalSize":{"width":73,"height":71},"rotated":false,"capInsets":[0,0,0,0],"vertices":{"rawPosition":[-32.5,-34.5,0,32.5,-34.5,0,-32.5,34.5,0,32.5,34.5,0],"indexes":[0,1,2,2,1,3],"uv":[4,70,69,70,4,1,69,1],"nuv":[0.0547945205479452,0.014084507042253521,0.9452054794520548,0.014084507042253521,0.0547945205479452,0.9859154929577465,0.9452054794520548,0.9859154929577465],"minPos":{"x":-32.5,"y":-34.5,"z":0},"maxPos":{"x":32.5,"y":34.5,"z":0}},"packable":true,"pixelsToUnit":100,"pivot":{"x":0.5,"y":0.5},"meshType":0}],[0],0,[0],[0],[0]]
