[1,["2c7lOM55JBYK0AVVmgwU+g@6c48a"],["_textureSource"],["cc.SpriteFrame"],0,[{"name":"ConeheadZombieAttack_3","rect":{"x":79,"y":2,"width":87,"height":142},"offset":{"x":39.5,"y":-1},"originalSize":{"width":166,"height":144},"rotated":false,"capInsets":[0,0,0,0],"vertices":{"rawPosition":[-43.5,-71,0,43.5,-71,0,-43.5,71,0,43.5,71,0],"indexes":[0,1,2,2,1,3],"uv":[79,142,166,142,79,0,166,0],"nuv":[0.4759036144578313,0,1,0,0.4759036144578313,0.9861111111111112,1,0.9861111111111112],"minPos":{"x":-43.5,"y":-71,"z":0},"maxPos":{"x":43.5,"y":71,"z":0}},"packable":true,"pixelsToUnit":100,"pivot":{"x":0.5,"y":0.5},"meshType":0}],[0],0,[0],[0],[0]]
