[1,["0dF9/MNJ5P1pHMDL2oG0eq@6c48a"],["_textureSource"],["cc.SpriteFrame"],0,[{"name":"TwinSunflower_13","rect":{"x":5,"y":0,"width":74,"height":84},"offset":{"x":0.5,"y":0},"originalSize":{"width":83,"height":84},"rotated":false,"capInsets":[0,0,0,0],"vertices":{"rawPosition":[-37,-42,0,37,-42,0,-37,42,0,37,42,0],"indexes":[0,1,2,2,1,3],"uv":[5,84,79,84,5,0,79,0],"nuv":[0.060240963855421686,0,0.9518072289156626,0,0.060240963855421686,1,0.9518072289156626,1],"minPos":{"x":-37,"y":-42,"z":0},"maxPos":{"x":37,"y":42,"z":0}},"packable":true,"pixelsToUnit":100,"pivot":{"x":0.5,"y":0.5},"meshType":0}],[0],0,[0],[0],[0]]
