[1,["0dLeuETLpIV6EUnYqjhpmb@6c48a"],["_textureSource"],["cc.SpriteFrame"],0,[{"name":"Jalapeno_6","rect":{"x":2,"y":1,"width":64,"height":87},"offset":{"x":0,"y":0},"originalSize":{"width":68,"height":89},"rotated":false,"capInsets":[0,0,0,0],"vertices":{"rawPosition":[-32,-43.5,0,32,-43.5,0,-32,43.5,0,32,43.5,0],"indexes":[0,1,2,2,1,3],"uv":[2,88,66,88,2,1,66,1],"nuv":[0.029411764705882353,0.011235955056179775,0.9705882352941176,0.011235955056179775,0.029411764705882353,0.9887640449438202,0.9705882352941176,0.9887640449438202],"minPos":{"x":-32,"y":-43.5,"z":0},"maxPos":{"x":32,"y":43.5,"z":0}},"packable":true,"pixelsToUnit":100,"pivot":{"x":0.5,"y":0.5},"meshType":0}],[0],0,[0],[0],[0]]
