[1,["0dYkHlB/NGXrMaLbrMaSFv@6c48a"],["_textureSource"],["cc.SpriteFrame"],0,[{"name":"Zombie2_15","rect":{"x":73,"y":16,"width":63,"height":126},"offset":{"x":21.5,"y":-7},"originalSize":{"width":166,"height":144},"rotated":false,"capInsets":[0,0,0,0],"vertices":{"rawPosition":[-31.5,-63,0,31.5,-63,0,-31.5,63,0,31.5,63,0],"indexes":[0,1,2,2,1,3],"uv":[73,128,136,128,73,2,136,2],"nuv":[0.4397590361445783,0.013888888888888888,0.8192771084337349,0.013888888888888888,0.4397590361445783,0.8888888888888888,0.8192771084337349,0.8888888888888888],"minPos":{"x":-31.5,"y":-63,"z":0},"maxPos":{"x":31.5,"y":63,"z":0}},"packable":true,"pixelsToUnit":100,"pivot":{"x":0.5,"y":0.5},"meshType":0}],[0],0,[0],[0],[0]]
