[1,["54HzFbBQxOT5ARTuMAjmCF@6c48a","7dj5uJT9FMn6OrOOx83tfK@6c48a","54HzFbBQxOT5ARTuMAjmCF@f9941","d4hEzYdHlKFKVbLGJSapWR@f9941","7dj5uJT9FMn6OrOOx83tfK@f9941","d4hEzYdHlKFKVbLGJSapWR@6c48a"],["node","_textureSource","_spriteFrame","root","card_cooling","card_diable","card_able","data"],["cc.SpriteFrame",["cc.Node",["_name","_layer","_components","_prefab","_children","_lpos","_lscale","_parent"],1,9,4,2,5,5,1],["cc.PrefabInfo",["fileId","instance","nestedPrefabInstanceRoots","targetOverrides","root","asset"],-1,1,1],["cc.Sprite",["_type","_fillType","_sizeMode","_fillRange","node","__prefab","_spriteFrame","_color"],-1,1,4,6,5],["cc.Prefab",["_name"],2],["cc.Node",["_name","_layer","_parent","_components","_prefab"],1,1,12,4],["cc.UITransform",["node","__prefab","_contentSize"],3,1,4,5],["cc.CompPrefabInfo",["fileId"],2],["0bf49IsAflLMp/4OOpreaFe",["needSun","node","__prefab","card_able","card_diable","card_cooling"],2,1,4,1,1,1],["cc.Button",["node","__prefab","clickEvents"],3,1,4,9],["cc.ClickEvent",["_componentId","handler","target"],1,1]],[[7,0,2],[6,0,1,2,1],[2,0,1,3,2,4,5,5],[1,0,1,7,2,3,3],[3,4,5,6,1],[4,0,2],[1,0,1,4,2,3,5,6,3],[5,0,1,2,3,4,3],[8,0,1,2,3,4,5,2],[2,0,1,2,3,4,5,5],[3,0,1,2,3,4,5,7,5],[9,0,1,2,1],[10,0,1,2,3]],[[[{"name":"card_sunflower","rect":{"x":0,"y":0,"width":50,"height":70},"offset":{"x":0,"y":0},"originalSize":{"width":50,"height":70},"rotated":false,"capInsets":[0,0,0,0],"vertices":{"rawPosition":[-25,-35,0,25,-35,0,-25,35,0,25,35,0],"indexes":[0,1,2,2,1,3],"uv":[0,70,50,70,0,0,50,0],"nuv":[0,0,1,0,0,1,1,1],"minPos":{"x":-25,"y":-35,"z":0},"maxPos":{"x":25,"y":35,"z":0}},"packable":true,"pixelsToUnit":100,"pivot":{"x":0.5,"y":0.5},"meshType":0}],[0],0,[0],[1],[0]],[[{"name":"default_sprite_splash","rect":{"x":0,"y":0,"width":2,"height":2},"offset":{"x":0,"y":0},"originalSize":{"width":2,"height":2},"rotated":false,"capInsets":[0,0,0,0],"vertices":{"rawPosition":[-1,-1,0,1,-1,0,-1,1,0,1,1,0],"indexes":[0,1,2,2,1,3],"uv":[0,2,2,2,0,0,2,0],"nuv":[0,0,1,0,0,1,1,1],"minPos":{"x":-1,"y":-1,"z":0},"maxPos":{"x":1,"y":1,"z":0}},"packable":true,"pixelsToUnit":100,"pivot":{"x":0.5,"y":0.5},"meshType":0}],[0],0,[0],[1],[1]],[[[5,"Card"],[6,"Card",33554432,[-7,-8,-9],[[1,-2,[0,"6dSmKxBWZIa4oRpYp+jfHo"],[5,50,70]],[8,50,-6,[0,"2fEeJxAjVMSqPB2n1MPf7L"],-5,-4,-3]],[9,"06IBZNr1pGZaPtCN3FBBq+",null,null,[],-1,0],[1,-285.293,462.96299999999997,0],[1,1.8,1.8,1]],[3,"card_ready",33554432,1,[[1,-10,[0,"51bYb9KGtMaL4crudN6VI2"],[5,50,70]],[4,-11,[0,"ffYrKuBLFFvLfdH6KQ/Al0"],0],[11,-12,[0,"b7OGUowXZCspWb3jihGiT3"],[[12,"0bf49IsAflLMp/4OOpreaFe","onClick",1]]]],[2,"ef+8aM111CaJdN/GivJJHP",null,null,null,1,0]],[3,"card_unready",33554432,1,[[1,-13,[0,"6clve7wUpAMJFvJR+jMMs+"],[5,50,70]],[4,-14,[0,"4dd+M/mCdO3L5kXZyjzhHH"],1]],[2,"41KAXAlWxKTKnxjbM7Ty6s",null,null,null,1,0]],[7,"SpriteSplash",33554432,1,[[[1,-15,[0,"80ZweRAKxKQ7gBeKXWg8e5"],[5,50,70]],-16],4,1],[2,"4d6lTQUwNE173wgF8muuKC",null,null,null,1,0]],[10,3,1,0,1,4,[0,"e748+KO21BbbY/WCBhmtOR"],[4,2434538527]]],0,[0,3,1,0,0,1,0,4,5,0,5,3,0,6,2,0,0,1,0,-1,2,0,-2,3,0,-3,4,0,0,2,0,0,2,0,0,2,0,0,3,0,0,3,0,0,4,0,-2,5,0,7,1,16],[0,0,5],[2,2,2],[2,3,4]],[[{"name":"card_sunflower2","rect":{"x":0,"y":0,"width":50,"height":70},"offset":{"x":0,"y":0},"originalSize":{"width":50,"height":70},"rotated":false,"capInsets":[0,0,0,0],"vertices":{"rawPosition":[-25,-35,0,25,-35,0,-25,35,0,25,35,0],"indexes":[0,1,2,2,1,3],"uv":[0,70,50,70,0,0,50,0],"nuv":[0,0,1,0,0,1,1,1],"minPos":{"x":-25,"y":-35,"z":0},"maxPos":{"x":25,"y":35,"z":0}},"packable":true,"pixelsToUnit":100,"pivot":{"x":0.5,"y":0.5},"meshType":0}],[0],0,[0],[1],[5]]]]
