[1,["0d6xptQahFzoPJ+cz8NvQB@6c48a"],["_textureSource"],["cc.SpriteFrame"],0,[{"name":"SelectorScreenChallenges_32-1","rect":{"x":0,"y":0,"width":286,"height":121},"offset":{"x":0,"y":0},"originalSize":{"width":286,"height":121},"rotated":false,"capInsets":[0,0,0,0],"vertices":{"rawPosition":[-143,-60.5,0,143,-60.5,0,-143,60.5,0,143,60.5,0],"indexes":[0,1,2,2,1,3],"uv":[0,121,286,121,0,0,286,0],"nuv":[0,0,1,0,0,1,1,1],"minPos":{"x":-143,"y":-60.5,"z":0},"maxPos":{"x":143,"y":60.5,"z":0}},"packable":true,"pixelsToUnit":100,"pivot":{"x":0.5,"y":0.5},"meshType":0}],[0],0,[0],[0],[0]]
