[1,["0caLPIpaZJlbBcaeV5nEga@6c48a"],["_textureSource"],["cc.SpriteFrame"],0,[{"name":"GatlingPea_7","rect":{"x":3,"y":3,"width":74,"height":79},"offset":{"x":-4,"y":-0.5},"originalSize":{"width":88,"height":84},"rotated":false,"capInsets":[0,0,0,0],"vertices":{"rawPosition":[-37,-39.5,0,37,-39.5,0,-37,39.5,0,37,39.5,0],"indexes":[0,1,2,2,1,3],"uv":[3,81,77,81,3,2,77,2],"nuv":[0.03409090909090909,0.023809523809523808,0.875,0.023809523809523808,0.03409090909090909,0.9642857142857143,0.875,0.9642857142857143],"minPos":{"x":-37,"y":-39.5,"z":0},"maxPos":{"x":37,"y":39.5,"z":0}},"packable":true,"pixelsToUnit":100,"pivot":{"x":0.5,"y":0.5},"meshType":0}],[0],0,[0],[0],[0]]
