[1,["15KOIawYROLK1hduoMS7cg@6c48a"],["_textureSource"],["cc.SpriteFrame"],0,[{"name":"FlagZombieAttack_9","rect":{"x":58,"y":2,"width":101,"height":141},"offset":{"x":25.5,"y":-0.5},"originalSize":{"width":166,"height":144},"rotated":false,"capInsets":[0,0,0,0],"vertices":{"rawPosition":[-50.5,-70.5,0,50.5,-70.5,0,-50.5,70.5,0,50.5,70.5,0],"indexes":[0,1,2,2,1,3],"uv":[58,142,159,142,58,1,159,1],"nuv":[0.3493975903614458,0.006944444444444444,0.9578313253012049,0.006944444444444444,0.3493975903614458,0.9861111111111112,0.9578313253012049,0.9861111111111112],"minPos":{"x":-50.5,"y":-70.5,"z":0},"maxPos":{"x":50.5,"y":70.5,"z":0}},"packable":true,"pixelsToUnit":100,"pivot":{"x":0.5,"y":0.5},"meshType":0}],[0],0,[0],[0],[0]]
