[1,["15gTFDLERJqpst1rmsNjoq@6c48a"],["_textureSource"],["cc.SpriteFrame"],0,[{"name":"btn_dialog_back","rect":{"x":6,"y":5,"width":345,"height":87},"offset":{"x":-1.5,"y":1.5},"originalSize":{"width":360,"height":100},"rotated":false,"capInsets":[0,0,0,0],"vertices":{"rawPosition":[-172.5,-43.5,0,172.5,-43.5,0,-172.5,43.5,0,172.5,43.5,0],"indexes":[0,1,2,2,1,3],"uv":[6,95,351,95,6,8,351,8],"nuv":[0.016666666666666666,0.08,0.975,0.08,0.016666666666666666,0.95,0.975,0.95],"minPos":{"x":-172.5,"y":-43.5,"z":0},"maxPos":{"x":172.5,"y":43.5,"z":0}},"packable":true,"pixelsToUnit":100,"pivot":{"x":0.5,"y":0.5},"meshType":0}],[0],0,[0],[0],[0]]
