[1,["15yVajseJIMYVJowMsSsmw@6c48a"],["_textureSource"],["cc.SpriteFrame"],0,[{"name":"JalapenoAttack_6","rect":{"x":51,"y":1,"width":704,"height":118},"offset":{"x":25.5,"y":5.5},"originalSize":{"width":755,"height":131},"rotated":false,"capInsets":[0,0,0,0],"vertices":{"rawPosition":[-352,-59,0,352,-59,0,-352,59,0,352,59,0],"indexes":[0,1,2,2,1,3],"uv":[51,130,755,130,51,12,755,12],"nuv":[0.06754966887417219,0.0916030534351145,1,0.0916030534351145,0.06754966887417219,0.9923664122137404,1,0.9923664122137404],"minPos":{"x":-352,"y":-59,"z":0},"maxPos":{"x":352,"y":59,"z":0}},"packable":true,"pixelsToUnit":100,"pivot":{"x":0.5,"y":0.5},"meshType":0}],[0],0,[0],[0],[0]]
