[1,["155W6aTbNJxIMtdLrPpxii@6c48a"],["_textureSource"],["cc.SpriteFrame"],0,[{"name":"GatlingPea_2","rect":{"x":6,"y":0,"width":73,"height":82},"offset":{"x":-1.5,"y":1},"originalSize":{"width":88,"height":84},"rotated":false,"capInsets":[0,0,0,0],"vertices":{"rawPosition":[-36.5,-41,0,36.5,-41,0,-36.5,41,0,36.5,41,0],"indexes":[0,1,2,2,1,3],"uv":[6,84,79,84,6,2,79,2],"nuv":[0.06818181818181818,0.023809523809523808,0.8977272727272727,0.023809523809523808,0.06818181818181818,1,0.8977272727272727,1],"minPos":{"x":-36.5,"y":-41,"z":0},"maxPos":{"x":36.5,"y":41,"z":0}},"packable":true,"pixelsToUnit":100,"pivot":{"x":0.5,"y":0.5},"meshType":0}],[0],0,[0],[0],[0]]
