[1,["38UFeSnOZGqLlqWj1pEW5U@6c48a"],["_textureSource"],["cc.SpriteFrame"],0,[{"name":"PotatoMine_6","rect":{"x":1,"y":4,"width":74,"height":51},"offset":{"x":0.5,"y":-2},"originalSize":{"width":75,"height":55},"rotated":false,"capInsets":[0,0,0,0],"vertices":{"rawPosition":[-37,-25.5,0,37,-25.5,0,-37,25.5,0,37,25.5,0],"indexes":[0,1,2,2,1,3],"uv":[1,51,75,51,1,0,75,0],"nuv":[0.013333333333333334,0,1,0,0.013333333333333334,0.9272727272727272,1,0.9272727272727272],"minPos":{"x":-37,"y":-25.5,"z":0},"maxPos":{"x":37,"y":25.5,"z":0}},"packable":true,"pixelsToUnit":100,"pivot":{"x":0.5,"y":0.5},"meshType":0}],[0],0,[0],[0],[0]]
