[1,["2fLG/xLuxOEY427K6u6F39@6c48a"],["_textureSource"],["cc.SpriteFrame"],0,[{"name":"SnowPea_13","rect":{"x":1,"y":0,"width":63,"height":71},"offset":{"x":-3,"y":0},"originalSize":{"width":71,"height":71},"rotated":false,"capInsets":[0,0,0,0],"vertices":{"rawPosition":[-31.5,-35.5,0,31.5,-35.5,0,-31.5,35.5,0,31.5,35.5,0],"indexes":[0,1,2,2,1,3],"uv":[1,71,64,71,1,0,64,0],"nuv":[0.014084507042253521,0,0.9014084507042254,0,0.014084507042253521,1,0.9014084507042254,1],"minPos":{"x":-31.5,"y":-35.5,"z":0},"maxPos":{"x":31.5,"y":35.5,"z":0}},"packable":true,"pixelsToUnit":100,"pivot":{"x":0.5,"y":0.5},"meshType":0}],[0],0,[0],[0],[0]]
