[1,["2fQLdS3shAmKR5JxRgiwj4@6c48a"],["_textureSource"],["cc.SpriteFrame"],0,[{"name":"FlagZombieLostHead_7","rect":{"x":59,"y":1,"width":94,"height":140},"offset":{"x":23,"y":1},"originalSize":{"width":166,"height":144},"rotated":false,"capInsets":[0,0,0,0],"vertices":{"rawPosition":[-47,-70,0,47,-70,0,-47,70,0,47,70,0],"indexes":[0,1,2,2,1,3],"uv":[59,143,153,143,59,3,153,3],"nuv":[0.35542168674698793,0.020833333333333332,0.9216867469879518,0.020833333333333332,0.35542168674698793,0.9930555555555556,0.9216867469879518,0.9930555555555556],"minPos":{"x":-47,"y":-70,"z":0},"maxPos":{"x":47,"y":70,"z":0}},"packable":true,"pixelsToUnit":100,"pivot":{"x":0.5,"y":0.5},"meshType":0}],[0],0,[0],[0],[0]]
