[1,["2fgiXCA7FPzI8Wuq63FdVB@6c48a"],["_textureSource"],["cc.SpriteFrame"],0,[{"name":"Shadow","rect":{"x":12,"y":4,"width":64,"height":28},"offset":{"x":1,"y":0},"originalSize":{"width":86,"height":36},"rotated":false,"capInsets":[0,0,0,0],"vertices":{"rawPosition":[-32,-14,0,32,-14,0,-32,14,0,32,14,0],"indexes":[0,1,2,2,1,3],"uv":[12,32,76,32,12,4,76,4],"nuv":[0.13953488372093023,0.1111111111111111,0.8837209302325582,0.1111111111111111,0.13953488372093023,0.8888888888888888,0.8837209302325582,0.8888888888888888],"minPos":{"x":-32,"y":-14,"z":0},"maxPos":{"x":32,"y":14,"z":0}},"packable":true,"pixelsToUnit":100,"pivot":{"x":0.5,"y":0.5},"meshType":0}],[0],0,[0],[0],[0]]
