[1,["3744lviFtM8bevFnYHc6LY@6c48a"],["_textureSource"],["cc.SpriteFrame"],0,[{"name":"option_dialog","rect":{"x":0,"y":0,"width":412,"height":483},"offset":{"x":0,"y":0},"originalSize":{"width":412,"height":483},"rotated":false,"capInsets":[0,0,0,0],"vertices":{"rawPosition":[-206,-241.5,0,206,-241.5,0,-206,241.5,0,206,241.5,0],"indexes":[0,1,2,2,1,3],"uv":[0,483,412,483,0,0,412,0],"nuv":[0,0,1,0,0,1,1,1],"minPos":{"x":-206,"y":-241.5,"z":0},"maxPos":{"x":206,"y":241.5,"z":0}},"packable":true,"pixelsToUnit":100,"pivot":{"x":0.5,"y":0.5},"meshType":0}],[0],0,[0],[0],[0]]
