[1,["20g1ukYUVPvKWKBRznAKo+@f9941","54TknWPwVPqJqeCR+Y/Czo@f9941","95EkngnxZFbYuFpsqVTaFr@f9941","bdG8q6vX1KcbFDmXyII4Pk@f9941","5aSDiODJZC97oloHo/RXgH@f9941","24pwTaKGdEbY0aXpIMdeCd@6c48a","9f2QDdIhtPiY8s+6NCQ8g1@6c48a","9c1DYC5OVPVJE+EPUf0bNc@f9941","444tud41NNIrn6DFAZPmyb@f9941","82Ap3MQDBKQr65oFI8SmFr@f9941","1enoOODXVCXbqvjq0bDrVr@f9941","a4qv639FNL2Jzk6VJ2z2n3@f9941","87ENoydShIeIN5SEOcSVi0@f9941","877iGsP3tPJK8B7MNkSGmm@f9941","d8rbKD0mNK6ofxAHEOHHSp@f9941","89LpoYgYFAUb/YMqDuEB5Z@f9941","91leR5N9hDmZbjjR4mTcjy@f9941","31cxsMnAJB176Yu9UEDOGi@f9941","4cW18gxQpH7KJzBj/6lWYa@f9941","f01sLnvLpMY4X6/A42Zmbo@f9941","dbHw/pDOZKdKOoJJBLZggp@f9941","9f2QDdIhtPiY8s+6NCQ8g1@f9941","0d6xptQahFzoPJ+cz8NvQB@f9941","24pwTaKGdEbY0aXpIMdeCd@f9941","bdG8q6vX1KcbFDmXyII4Pk@6c48a"],["node","_spriteFrame","_textureSource","_target","_parent","_normalSprite","_hoverSprite","_pressedSprite","_disabledSprite","progressBar","showLabel","inputPannel","inputLabel","_cameraComponent","_placeholderLabel","_textLabel","scene","_barSprite","_backgroundImage"],[["cc.Node",["_name","_layer","_id","_active","_objFlags","_components","_parent","_children","_lpos","_lscale"],-2,9,1,2,5,5],["cc.Sprite",["_sizeMode","_type","node","_spriteFrame","_color"],1,1,6,5],["cc.Widget",["_alignFlags","_isAbsTop","_isAbsBottom","_isAbsLeft","_isAbsRight","_originalWidth","_originalHeight","_top","_bottom","_left","_isAbsHorizontalCenter","_right","node","_target"],-9,1,1],["cc.Node",["_name","_layer","_active","_parent","_components","_lpos","_lscale","_children"],0,1,12,5,5,2],["cc.Label",["_string","_actualFontSize","_fontSize","_overflow","_enableWrapText","_horizontalAlign","node","_color"],-3,1,5],"cc.SpriteFrame",["cc.UITransform",["node","_contentSize","_anchorPoint"],3,1,5,5],["cc.Button",["_transition","node","clickEvents","_normalColor","_target","_normalSprite","_hoverSprite","_pressedSprite","_disabledSprite","_hoverColor","_pressedColor"],2,1,9,5,1,6,6,6,6,5,5],["cc.SceneAsset",["_name"],2],["cc.Node",["_name","_parent","_components","_lpos"],2,1,2,5],["cc.Layout",["_resizeMode","_layoutType","_isAlign","node"],0,1],["2a9433wSKVEOJBStv4gm5bQ",["node","inputLabel","inputPannel","showLabel","progressBar"],3,1,1,1,1,1],["868acGdA2FF+onJliNMn38c",["node"],3,1],["cc.AudioSource",["_loop","node"],2,1],["cc.Canvas",["node","_cameraComponent"],3,1,1],["cc.EditBox",["_inputMode","_maxLength","node","_textLabel","_placeholderLabel","_backgroundImage"],1,1,1,1,6],["cc.ClickEvent",["_componentId","handler","target"],1,1],["cc.Scene",["_name","_children","_globals"],2,2,4],["cc.SceneGlobals",["ambient","shadows","_skybox","fog","octree","skin","lightProbeInfo","postSettings"],3,4,4,4,4,4,4,4,4],["cc.AmbientInfo",["_skyColorHDR","_groundAlbedoHDR"],3,5,5],["cc.ShadowsInfo",["_shadowColor","_size"],3,5,5],["cc.SkyboxInfo",[],3],["cc.FogInfo",[],3],["cc.OctreeInfo",[],3],["cc.SkinInfo",["_enabled"],2],["cc.LightProbeInfo",[],3],["cc.PostSettingsInfo",[],3],["cc.Camera",["_projection","_orthoHeight","_near","_far","_visibility","node","_color"],-2,1,5],["cc.ProgressBar",["_totalLength","_progress","node"],1,1]],[[6,0,1,1],[1,2,3,1],[0,0,1,6,5,8,3],[0,0,1,6,7,5,8,3],[6,0,1,2,1],[1,1,0,2,4,3,3],[16,0,1,2,3],[0,0,1,7,5,3],[0,0,1,6,5,8,9,3],[3,0,1,3,4,5,3],[6,0,1],[1,0,2,3,2],[8,0,2],[0,0,1,2,7,5,8,4],[0,0,3,1,6,7,5,9,4],[0,0,1,6,5,3],[0,0,4,1,6,5,4],[3,0,2,1,3,7,4,5,6,4],[3,0,1,3,4,5,6,3],[3,0,2,1,3,4,5,4],[9,0,1,2,3,2],[10,0,1,2,3,4],[1,1,0,2,3,3],[1,1,0,2,4,3],[11,0,1,2,3,4,1],[12,0,1],[13,0,1,2],[2,0,3,4,1,2,5,6,12,13,8],[2,0,3,4,1,2,5,6,12,8],[2,0,7,8,2,10,12,6],[2,0,9,11,7,8,4,1,2,5,6,12,11],[2,0,9,7,3,1,12,6],[14,0,1,1],[15,0,1,2,3,4,5,3],[7,0,1,2,3,4,5,6,7,8,2],[7,0,1,2,3,9,10,4,5,6,7,8,2],[7,0,1,2,9,10,2],[4,0,5,1,2,3,4,7],[4,0,1,2,3,4,6,7,6],[4,0,1,2,3,6,5],[4,0,5,1,2,3,4,6,7,7],[17,0,1,2,2],[18,0,1,2,3,4,5,6,7,1],[19,0,1,1],[20,0,1,1],[21,1],[22,1],[23,1],[24,0,2],[25,1],[26,1],[27,0,1,2,3,4,5,6,6],[28,0,1,2,3]],[[[{"name":"default_progressbar","rect":{"x":0,"y":0,"width":30,"height":15},"offset":{"x":0,"y":0},"originalSize":{"width":30,"height":15},"rotated":false,"capInsets":[10,4,10,4],"vertices":{"rawPosition":[-15,-7.5,0,15,-7.5,0,-15,7.5,0,15,7.5,0],"indexes":[0,1,2,2,1,3],"uv":[0,15,30,15,0,0,30,0],"nuv":[0,0,1,0,0,1,1,1],"minPos":{"x":-15,"y":-7.5,"z":0},"maxPos":{"x":15,"y":7.5,"z":0}},"packable":true,"pixelsToUnit":100,"pivot":{"x":0.5,"y":0.5},"meshType":0}],[5],0,[0],[2],[5]],[[{"name":"default_progressbar_bg","rect":{"x":0,"y":0,"width":60,"height":15},"offset":{"x":0,"y":0},"originalSize":{"width":60,"height":15},"rotated":false,"capInsets":[10,4,10,4],"vertices":{"rawPosition":[-30,-7.5,0,30,-7.5,0,-30,7.5,0,30,7.5,0],"indexes":[0,1,2,2,1,3],"uv":[0,15,60,15,0,0,60,0],"nuv":[0,0,1,0,0,1,1,1],"minPos":{"x":-30,"y":-7.5,"z":0},"maxPos":{"x":30,"y":7.5,"z":0}},"packable":true,"pixelsToUnit":100,"pivot":{"x":0.5,"y":0.5},"meshType":0}],[5],0,[0],[2],[6]],[[[12,"Menu"],[7,"NameInput",33554432,[-3,-4,-5,-6,-7,-8,-9,-10,-11],[[0,-1,[5,308,248]],[21,1,3,true,-2]]],[7,"MainMenu",33554432,[-23],[[0,-12,[5,1920,1080]],[11,0,-13,2],[24,-18,-17,-16,-15,-14],[25,-19],[26,true,-20],[27,45,false,false,false,false,1920,1080,-22,-21]]],[13,"Canvas",33554432,"beI88Z2HpFELqR4T5EMHpg",[-28,2,-29,-30,-31],[[0,-24,[5,1920,1080]],[32,-26,-25],[28,45,false,false,false,false,1920,1080,-27]],[1,960,540,0]],[14,"InputPannel",false,33554432,3,[1,-33,-34,-35],[[10,-32]],[1,1.5,1.5,1]],[17,"ProgressBar",false,33554432,3,[-40,-41],[[[0,-36,[5,300,15]],[5,1,0,-37,[4,4278190080],21],-38,[29,20,994.6605,0.059448611111111105,false,false,-39]],4,4,1,4],[1,0,-465.228,0],[1,4.597,1.409,4.455]],[3,"EditBox",33554432,4,[-47,-48],[[0,-42,[5,160,40]],[22,1,0,-43,18],[33,6,8,-46,-45,-44,19]],[1,0,31.909,0]],[3,"ClosePannel",33554432,4,[-53],[[0,-49,[5,100,40]],[5,1,0,-50,[4,4292849299],13],[34,2,-52,[[6,"2a9433wSKVEOJBStv4gm5bQ","closeInputPannel",2]],[4,4292269782],-51,14,15,16,17]],[1,0,-79.45000000000005,0]],[8,"Advanture",33554432,3,[[0,-54,[5,100,40]],[5,1,0,-55,[4,4292664548],22],[35,1,-57,[[6,"2a9433wSKVEOJBStv4gm5bQ","clickOnAdvanture",2]],[4,4292664548],[4,4294967295],[4,4289177511],-56,23,24,25,26],[30,33,1316.713,0.09099791666666665,0.13697777777777778,0.5906361111111111,false,false,false,100,40,-58]],[1,421.134,246.404,0],[1,7.283,7.283,7.283]],[3,"NameChange",33554432,2,[-61,-62],[[10,-59],[31,9,0.06746250000000001,0.1339953703703704,false,false,-60]],[1,-780.472,345.28499999999997,0]],[3,"SelectorScreen_WoodSign1_32",33554432,9,[-65],[[0,-63,[5,287,150]],[1,-64,0]],[1,-1.3029999999999973,92.50900000000001,0]],[15,"SelectorScreen_WoodSign2_32-0",33554432,9,[[0,-66,[5,290,70]],[1,-67,1],[36,1,-68,[[6,"2a9433wSKVEOJBStv4gm5bQ","openInput",2]],[4,4283876217],[4,4288059030]]]],[18,"NameLabel",33554432,10,[[[0,-69,[5,232.420296875,50.4]],-70],4,1],[1,7.172499999999971,-29.067999999999984,0],[1,1,0.584,1]],[37,"",0,40,20,1,false],[19,"TEXT_LABEL",false,33554432,6,[[[4,-71,[5,158,40],[0,0,1]],13],4,1],[1,-78,20,0]],[2,"dialog_topleft",33554432,1,[[0,-72,[5,107,97]],[1,-73,3]],[1,-100.5,75.5,0]],[2,"dialog_topmiddle",33554432,1,[[0,-74,[5,93,97]],[1,-75,4]],[1,-0.5,75.5,0]],[2,"dialog_topright",33554432,1,[[0,-76,[5,108,97]],[1,-77,5]],[1,100,75.5,0]],[2,"dialog_centerleft",33554432,1,[[0,-78,[5,104,54]],[1,-79,6]],[1,-102,0,0]],[2,"dialog_centermiddle",33554432,1,[[0,-80,[5,93,54]],[1,-81,7]],[1,-3.5,0,0]],[2,"dialog_centerright",33554432,1,[[0,-82,[5,105,54]],[1,-83,8]],[1,95.5,0,0]],[2,"dialog_bottomleft",33554432,1,[[0,-84,[5,107,97]],[1,-85,9]],[1,-100.5,-75.5,0]],[2,"dialog_bottommiddle",33554432,1,[[0,-86,[5,93,97]],[1,-87,10]],[1,-0.5,-75.5,0]],[2,"dialog_bottomright",33554432,1,[[0,-88,[5,108,97]],[1,-89,11]],[1,100,-75.5,0]],[2,"dialog_header",33554432,4,[[0,-90,[5,187,64]],[1,-91,12]],[1,0,137.05,0]],[16,"Label",512,33554432,7,[[0,-92,[5,100,40]],[38,"确定",20,20,1,false,-93,[4,4278190080]]]],[9,"PLACEHOLDER_LABEL",33554432,6,[[[4,-94,[5,158,40],[0,0,1]],-95],4,1],[1,-78,20,0]],[8,"FlagMeterEmpty",33554432,5,[[0,-96,[5,864.391,35.388]],[11,0,-97,20]],[1,-5.684341886080802e-14,-1.6395631067961034,0],[1,0.3720238095238095,1.2135922330097089,0.3838771593090211]],[9,"Bar",33554432,5,[[[4,-98,[5,0,15],[0,0,0.5]],-99],4,1],[1,-150,0,0]],[41,"Menu",[3],[42,[43,[2,0,0,0,0.520833125],[2,0,0,0,0]],[44,[4,4283190348],[0,512,512]],[45],[46],[47],[48,false],[49],[50]]],[20,"Camera",3,[-100],[1,0,0,1000]],[51,0,674.5539906103286,0,2000,1108344832,30,[4,4278190080]],[39,"bill",24,23,2,12],[40,"输入你的名字",0,20,20,1,false,26,[4,4290493371]],[52,300,0,5],[23,1,0,28,[4,4282384268]]],0,[0,0,1,0,0,1,0,-1,15,0,-2,16,0,-3,17,0,-4,18,0,-5,19,0,-6,20,0,-7,21,0,-8,22,0,-9,23,0,0,2,0,0,2,0,9,34,0,10,32,0,11,4,0,12,13,0,0,2,0,0,2,0,0,2,0,3,3,0,0,2,0,-1,9,0,0,3,0,13,31,0,0,3,0,0,3,0,-1,30,0,-3,5,0,-4,8,0,-5,4,0,0,4,0,-2,24,0,-3,7,0,-4,6,0,0,5,0,0,5,0,-3,34,0,0,5,0,-1,27,0,-2,28,0,0,6,0,0,6,0,14,33,0,15,13,0,0,6,0,-1,14,0,-2,26,0,0,7,0,0,7,0,3,7,0,0,7,0,-1,25,0,0,8,0,0,8,0,3,8,0,0,8,0,0,8,0,0,9,0,0,9,0,-1,10,0,-2,11,0,0,10,0,0,10,0,-1,12,0,0,11,0,0,11,0,0,11,0,0,12,0,-2,32,0,0,14,0,0,15,0,0,15,0,0,16,0,0,16,0,0,17,0,0,17,0,0,18,0,0,18,0,0,19,0,0,19,0,0,20,0,0,20,0,0,21,0,0,21,0,0,22,0,0,22,0,0,23,0,0,23,0,0,24,0,0,24,0,0,25,0,0,25,0,0,26,0,-2,33,0,0,27,0,0,27,0,0,28,0,-2,35,0,-1,31,0,16,29,1,4,4,2,4,3,3,4,29,13,0,14,34,17,35,100],[0,0,0,0,0,0,0,0,0,0,0,0,0,0,0,0,0,0,0,0,0,0,0,0,0,0,0,35],[1,1,1,1,1,1,1,1,1,1,1,1,1,1,5,6,7,8,1,18,1,1,1,5,6,7,8,1],[7,8,9,10,11,12,13,14,15,16,17,18,19,0,0,0,1,2,3,3,20,21,4,4,22,1,2,23]],[[{"name":"default_editbox_bg","rect":{"x":0,"y":0,"width":40,"height":40},"offset":{"x":0,"y":0},"originalSize":{"width":40,"height":40},"rotated":false,"capInsets":[12,12,12,12],"vertices":{"rawPosition":[-20,-20,0,20,-20,0,-20,20,0,20,20,0],"indexes":[0,1,2,2,1,3],"uv":[0,40,40,40,0,0,40,0],"nuv":[0,0,1,0,0,1,1,1],"minPos":{"x":-20,"y":-20,"z":0},"maxPos":{"x":20,"y":20,"z":0}},"packable":true,"pixelsToUnit":100,"pivot":{"x":0.5,"y":0.5},"meshType":0}],[5],0,[0],[2],[24]]]]
