[1,["54kmnfNgxIB4fUTGN5Y36P","93AWUPewVER5ZXBYlmvBNn@f9941","1djG7heGhLpKBtx7N86YwQ@6c48a","1d+9zBzCdNZpEzbVoNjXS4@6c48a","51XjvpiFlPVrb2ofP1nhUK@6c48a","5bvt9qhqBGV5euNloPCFHm@6c48a","6aY+3AC25Jv5X6wlIT++Jq@6c48a","92s5tiJ1FG4o3zM+Uw0hg3@6c48a","93AWUPewVER5ZXBYlmvBNn@6c48a","9dLEalAbNNrZgkvZW1Q3GW@6c48a","b1vMt4O1VATJjwC3mNXPN0@6c48a","c2uMrCEnVEv4djSz6TRTgd@6c48a","c6b0oMYAVG57/3T1BKvi34@6c48a","dfiM+0l0lChZo6/Dk7dW+v@6c48a"],["_textureSource","node","root","data","_spriteFrame","_defaultClip"],["cc.SpriteFrame",["cc.Prefab",["_name"],2],["cc.Node",["_name","_layer","_components","_prefab","_lpos","_lrot","_lscale","_euler"],1,9,4,5,5,5,5],["cc.UITransform",["node","__prefab","_contentSize"],3,1,4,5],["cc.CompPrefabInfo",["fileId"],2],["cc.Sprite",["_isTrimmedMode","node","__prefab","_spriteFrame"],2,1,4,6],["cc.Animation",["playOnLoad","node","__prefab","_clips","_defaultClip"],2,1,4,3,6],["cc.PrefabInfo",["fileId","instance","targetOverrides","nestedPrefabInstanceRoots","root","asset"],-1,1,1]],[[4,0,2],[1,0,2],[2,0,1,2,3,4,5,6,7,3],[3,0,1,2,1],[5,0,1,2,3,2],[6,0,1,2,3,4,2],[7,0,1,2,3,4,5,5]],[[[[1,"ZombieHead_1"],[2,"ZombieHead_1",33554432,[[3,-2,[0,"b3+MlmDMNPNrkNj4lD9o/i"],[5,48,47]],[4,false,-3,[0,"81X1VsNLxJLq37t8f9kwnm"],0],[5,true,-4,[0,"b0bSX40v5HpLKERCBPT7XI"],[1],2]],[6,"2bRuZnPYVKRb/bMqEo3Qf4",null,null,null,-1,0],[1,38.635,4.086,0],[3,0,0,0.20009475328489196,0.9797765509073272],[1,3,4,1],[1,0,0,23.085]]],0,[0,2,1,0,1,1,0,1,1,0,1,1,0,3,1,4],[0,0,0],[4,-1,5],[1,0,0]],[[{"name":"ZombieHead_4","rect":{"x":35,"y":7,"width":51,"height":52},"offset":{"x":-14.5,"y":60},"originalSize":{"width":150,"height":186},"rotated":false,"capInsets":[0,0,0,0],"vertices":{"rawPosition":[-25.5,-26,0,25.5,-26,0,-25.5,26,0,25.5,26,0],"indexes":[0,1,2,2,1,3],"uv":[35,179,86,179,35,127,86,127],"nuv":[0.23333333333333334,0.6827956989247311,0.5733333333333334,0.6827956989247311,0.23333333333333334,0.9623655913978495,0.5733333333333334,0.9623655913978495],"minPos":{"x":-25.5,"y":-26,"z":0},"maxPos":{"x":25.5,"y":26,"z":0}},"packable":true,"pixelsToUnit":100,"pivot":{"x":0.5,"y":0.5},"meshType":0}],[0],0,[0],[0],[2]],[[{"name":"ZombieHead_7","rect":{"x":63,"y":85,"width":51,"height":50},"offset":{"x":13.5,"y":-17},"originalSize":{"width":150,"height":186},"rotated":false,"capInsets":[0,0,0,0],"vertices":{"rawPosition":[-25.5,-25,0,25.5,-25,0,-25.5,25,0,25.5,25,0],"indexes":[0,1,2,2,1,3],"uv":[63,101,114,101,63,51,114,51],"nuv":[0.42,0.27419354838709675,0.76,0.27419354838709675,0.42,0.543010752688172,0.76,0.543010752688172],"minPos":{"x":-25.5,"y":-25,"z":0},"maxPos":{"x":25.5,"y":25,"z":0}},"packable":true,"pixelsToUnit":100,"pivot":{"x":0.5,"y":0.5},"meshType":0}],[0],0,[0],[0],[3]],[[{"name":"ZombieHead_12","rect":{"x":99,"y":140,"width":50,"height":46},"offset":{"x":49,"y":-70},"originalSize":{"width":150,"height":186},"rotated":false,"capInsets":[0,0,0,0],"vertices":{"rawPosition":[-25,-23,0,25,-23,0,-25,23,0,25,23,0],"indexes":[0,1,2,2,1,3],"uv":[99,46,149,46,99,0,149,0],"nuv":[0.66,0,0.9933333333333333,0,0.66,0.24731182795698925,0.9933333333333333,0.24731182795698925],"minPos":{"x":-25,"y":-23,"z":0},"maxPos":{"x":25,"y":23,"z":0}},"packable":true,"pixelsToUnit":100,"pivot":{"x":0.5,"y":0.5},"meshType":0}],[0],0,[0],[0],[4]],[[{"name":"ZombieHead_11","rect":{"x":85,"y":102,"width":50,"height":46},"offset":{"x":35,"y":-32},"originalSize":{"width":150,"height":186},"rotated":false,"capInsets":[0,0,0,0],"vertices":{"rawPosition":[-25,-23,0,25,-23,0,-25,23,0,25,23,0],"indexes":[0,1,2,2,1,3],"uv":[85,84,135,84,85,38,135,38],"nuv":[0.5666666666666667,0.20430107526881722,0.9,0.20430107526881722,0.5666666666666667,0.45161290322580644,0.9,0.45161290322580644],"minPos":{"x":-25,"y":-23,"z":0},"maxPos":{"x":25,"y":23,"z":0}},"packable":true,"pixelsToUnit":100,"pivot":{"x":0.5,"y":0.5},"meshType":0}],[0],0,[0],[0],[5]],[[{"name":"ZombieHead_5","rect":{"x":44,"y":26,"width":48,"height":50},"offset":{"x":-7,"y":42},"originalSize":{"width":150,"height":186},"rotated":false,"capInsets":[0,0,0,0],"vertices":{"rawPosition":[-24,-25,0,24,-25,0,-24,25,0,24,25,0],"indexes":[0,1,2,2,1,3],"uv":[44,160,92,160,44,110,92,110],"nuv":[0.29333333333333333,0.5913978494623656,0.6133333333333333,0.5913978494623656,0.29333333333333333,0.8602150537634409,0.6133333333333333,0.8602150537634409],"minPos":{"x":-24,"y":-25,"z":0},"maxPos":{"x":24,"y":25,"z":0}},"packable":true,"pixelsToUnit":100,"pivot":{"x":0.5,"y":0.5},"meshType":0}],[0],0,[0],[0],[6]],[[{"name":"ZombieHead_10","rect":{"x":73,"y":140,"width":50,"height":46},"offset":{"x":23,"y":-70},"originalSize":{"width":150,"height":186},"rotated":false,"capInsets":[0,0,0,0],"vertices":{"rawPosition":[-25,-23,0,25,-23,0,-25,23,0,25,23,0],"indexes":[0,1,2,2,1,3],"uv":[73,46,123,46,73,0,123,0],"nuv":[0.4866666666666667,0,0.82,0,0.4866666666666667,0.24731182795698925,0.82,0.24731182795698925],"minPos":{"x":-25,"y":-23,"z":0},"maxPos":{"x":25,"y":23,"z":0}},"packable":true,"pixelsToUnit":100,"pivot":{"x":0.5,"y":0.5},"meshType":0}],[0],0,[0],[0],[7]],[[{"name":"ZombieHead_1","rect":{"x":11,"y":16,"width":48,"height":47},"offset":{"x":-40,"y":53.5},"originalSize":{"width":150,"height":186},"rotated":false,"capInsets":[0,0,0,0],"vertices":{"rawPosition":[-24,-23.5,0,24,-23.5,0,-24,23.5,0,24,23.5,0],"indexes":[0,1,2,2,1,3],"uv":[11,170,59,170,11,123,59,123],"nuv":[0.07333333333333333,0.6612903225806451,0.3933333333333333,0.6612903225806451,0.07333333333333333,0.9139784946236559,0.3933333333333333,0.9139784946236559],"minPos":{"x":-24,"y":-23.5,"z":0},"maxPos":{"x":24,"y":23.5,"z":0}},"packable":true,"pixelsToUnit":100,"pivot":{"x":0.5,"y":0.5},"meshType":0}],[0],0,[0],[0],[8]],[[{"name":"ZombieHead_2","rect":{"x":9,"y":8,"width":60,"height":62},"offset":{"x":-36,"y":54},"originalSize":{"width":150,"height":186},"rotated":false,"capInsets":[0,0,0,0],"vertices":{"rawPosition":[-30,-31,0,30,-31,0,-30,31,0,30,31,0],"indexes":[0,1,2,2,1,3],"uv":[9,178,69,178,9,116,69,116],"nuv":[0.06,0.6236559139784946,0.46,0.6236559139784946,0.06,0.956989247311828,0.46,0.956989247311828],"minPos":{"x":-30,"y":-31,"z":0},"maxPos":{"x":30,"y":31,"z":0}},"packable":true,"pixelsToUnit":100,"pivot":{"x":0.5,"y":0.5},"meshType":0}],[0],0,[0],[0],[9]],[[{"name":"ZombieHead_8","rect":{"x":65,"y":96,"width":51,"height":52},"offset":{"x":15.5,"y":-29},"originalSize":{"width":150,"height":186},"rotated":false,"capInsets":[0,0,0,0],"vertices":{"rawPosition":[-25.5,-26,0,25.5,-26,0,-25.5,26,0,25.5,26,0],"indexes":[0,1,2,2,1,3],"uv":[65,90,116,90,65,38,116,38],"nuv":[0.43333333333333335,0.20430107526881722,0.7733333333333333,0.20430107526881722,0.43333333333333335,0.4838709677419355,0.7733333333333333,0.4838709677419355],"minPos":{"x":-25.5,"y":-26,"z":0},"maxPos":{"x":25.5,"y":26,"z":0}},"packable":true,"pixelsToUnit":100,"pivot":{"x":0.5,"y":0.5},"meshType":0}],[0],0,[0],[0],[10]],[[{"name":"ZombieHead_3","rect":{"x":25,"y":1,"width":52,"height":51},"offset":{"x":-24,"y":66.5},"originalSize":{"width":150,"height":186},"rotated":false,"capInsets":[0,0,0,0],"vertices":{"rawPosition":[-26,-25.5,0,26,-25.5,0,-26,25.5,0,26,25.5,0],"indexes":[0,1,2,2,1,3],"uv":[25,185,77,185,25,134,77,134],"nuv":[0.16666666666666666,0.7204301075268817,0.5133333333333333,0.7204301075268817,0.16666666666666666,0.9946236559139785,0.5133333333333333,0.9946236559139785],"minPos":{"x":-26,"y":-25.5,"z":0},"maxPos":{"x":26,"y":25.5,"z":0}},"packable":true,"pixelsToUnit":100,"pivot":{"x":0.5,"y":0.5},"meshType":0}],[0],0,[0],[0],[11]],[[{"name":"ZombieHead_9","rect":{"x":67,"y":110,"width":51,"height":48},"offset":{"x":17.5,"y":-41},"originalSize":{"width":150,"height":186},"rotated":false,"capInsets":[0,0,0,0],"vertices":{"rawPosition":[-25.5,-24,0,25.5,-24,0,-25.5,24,0,25.5,24,0],"indexes":[0,1,2,2,1,3],"uv":[67,76,118,76,67,28,118,28],"nuv":[0.44666666666666666,0.15053763440860216,0.7866666666666666,0.15053763440860216,0.44666666666666666,0.40860215053763443,0.7866666666666666,0.40860215053763443],"minPos":{"x":-25.5,"y":-24,"z":0},"maxPos":{"x":25.5,"y":24,"z":0}},"packable":true,"pixelsToUnit":100,"pivot":{"x":0.5,"y":0.5},"meshType":0}],[0],0,[0],[0],[12]],[[{"name":"ZombieHead_6","rect":{"x":60,"y":55,"width":47,"height":48},"offset":{"x":8.5,"y":14},"originalSize":{"width":150,"height":186},"rotated":false,"capInsets":[0,0,0,0],"vertices":{"rawPosition":[-23.5,-24,0,23.5,-24,0,-23.5,24,0,23.5,24,0],"indexes":[0,1,2,2,1,3],"uv":[60,131,107,131,60,83,107,83],"nuv":[0.4,0.44623655913978494,0.7133333333333334,0.44623655913978494,0.4,0.7043010752688172,0.7133333333333334,0.7043010752688172],"minPos":{"x":-23.5,"y":-24,"z":0},"maxPos":{"x":23.5,"y":24,"z":0}},"packable":true,"pixelsToUnit":100,"pivot":{"x":0.5,"y":0.5},"meshType":0}],[0],0,[0],[0],[13]]]]
