[1,["0f7m0AACpJLIk6ae4doOW0","0e5myBAFlKn7lRa037+NSS","5fFR/fXZ1OuYDzRuGb3Ljm@f9941","96VCoARmlLGIli8ao56QL+","1dKWnocyhAV4O0Dbw7SX2Q@6c48a","1dKWnocyhAV4O0Dbw7SX2Q@f9941","ceBuXBGqFDZa1djQNRte/g","eaXc/UaX5J6K8XWc+Zx5xm@f9941","eaXc/UaX5J6K8XWc+Zx5xm@6c48a"],["node","root","data","_spriteFrame","_defaultClip","_textureSource","shootPoint","peabulletPrefab","bulletHit"],[["cc.Node",["_name","_layer","_components","_prefab","_lscale","_children","_parent","_lpos"],1,9,4,5,2,1,5],"cc.SpriteFrame",["cc.UITransform",["node","__prefab","_contentSize"],3,1,4,5],["cc.Sprite",["_isTrimmedMode","node","__prefab","_spriteFrame"],2,1,4,6],["cc.RigidBody2D",["enabledContactListener","_group","_gravityScale","_allowSleep","bullet","node","__prefab"],-2,1,4],["cc.Prefab",["_name"],2],["cc.CompPrefabInfo",["fileId"],2],["cc.Animation",["playOnLoad","node","__prefab","_clips","_defaultClip"],2,1,4,3,6],["ee9fasz839J9rPJVR08KNRh",["plantType","ATK","shootDuration","node","__prefab","shootPoint","peabulletPrefab"],0,1,4,1,6],["cc.BoxCollider2D",["_group","node","__prefab","_size"],2,1,4,5],["cc.PrefabInfo",["fileId","instance","targetOverrides","nestedPrefabInstanceRoots","root","asset"],-1,1,1],["80f06o3TvJLmr96damM56Gd",["node","__prefab","bulletHit"],3,1,4,6],["cc.CircleCollider2D",["_group","_sensor","_radius","node","__prefab"],0,1,4]],[[6,0,2],[10,0,1,2,3,4,5,5],[5,0,2],[2,0,1,2,1],[3,1,2,3,1],[7,0,1,2,3,4,2],[0,0,1,5,2,3,4,3],[0,0,1,6,2,3,7,3],[0,0,1,2,3,4,3],[0,0,2,3,2],[2,0,1,1],[3,0,1,2,3,2],[8,0,1,2,3,4,5,6,4],[9,0,1,2,3,2],[4,0,1,3,2,5,6,5],[4,0,4,1,2,5,6,5],[11,0,1,2,1],[12,0,1,2,3,4,4]],[[[[2,"Peashooter_1"],[6,"Peashooter_1",33554432,[-9],[[3,-2,[0,"29s1W2wXpJgJUDNWZDE4eU"],[5,62,62]],[11,false,-3,[0,"50jy8kwJ5BqJcKVdIQZ4Ke"],0],[5,true,-4,[0,"2a37sM6ndLtqUv+swq5dCW"],[1],2],[12,2,30,0.5,-6,[0,"6epAMZn/RKg7eyTXgjOu4C"],-5,3],[13,2,-7,[0,"412RThXw5P5qFOmJxZcTjT"],[5,62,62]],[14,true,2,false,0,-8,[0,"ad0CBHKeJN2pCDPKpsP7ux"]]],[1,"0dFA3LhxNAqKeBDqqO+bFZ",null,null,null,-1,0],[1,1.8,1.8,1]],[7,"shooterPoint",33554432,1,[[10,-10,[0,"a0SJRWymJOao7Lz5kdNpLr"]]],[1,"ecU3NikjNOXKWkkIPpQFJ2",null,null,null,1,0],[1,34,14,0]]],0,[0,1,1,0,0,1,0,0,1,0,0,1,0,6,2,0,0,1,0,0,1,0,0,1,0,-1,2,0,0,2,0,2,1,10],[0,0,0,0],[3,-1,4,7],[2,0,0,3]],[[{"name":"PeaBullet","rect":{"x":28,"y":5,"width":24,"height":24},"offset":{"x":12,"y":0},"originalSize":{"width":56,"height":34},"rotated":false,"capInsets":[0,0,0,0],"vertices":{"rawPosition":[-12,-12,0,12,-12,0,-12,12,0,12,12,0],"indexes":[0,1,2,2,1,3],"uv":[28,29,52,29,28,5,52,5],"nuv":[0.5,0.14705882352941177,0.9285714285714286,0.14705882352941177,0.5,0.8529411764705882,0.9285714285714286,0.8529411764705882],"minPos":{"x":-12,"y":-12,"z":0},"maxPos":{"x":12,"y":12,"z":0}},"packable":true,"pixelsToUnit":100,"pivot":{"x":0.5,"y":0.5},"meshType":0}],[1],0,[0],[5],[4]],[[[2,"PeaBullet"],[8,"PeaBullet",33554432,[[3,-2,[0,"214n1rdkZDeLgjPEl/dwh0"],[5,24,24]],[4,-3,[0,"5aAx3WxjRBEJCKoy6FlpBD"],0],[16,-4,[0,"05f43LV+lPEJfgqePLtyH+"],1],[15,true,true,8,0,-5,[0,"78kqxmqEpFyqJk/bOa+98m"]],[17,8,true,12,-6,[0,"c73QMv49hKLrJodNrhXt6k"]]],[1,"86dtGsjI1GB6ccAf8DKIH5",null,null,null,-1,0],[1,1.8,1.8,1]]],0,[0,1,1,0,0,1,0,0,1,0,0,1,0,0,1,0,0,1,0,2,1,6],[0,0],[3,8],[5,6]],[[[2,"PeaBulletHit"],[9,"PeaBulletHit",[[3,-2,[0,"72kdrioKJF8I2ByciZ4F15"],[5,51,45]],[4,-3,[0,"01H0hw4p9NF7umaPWzWPo8"],0],[5,true,-4,[0,"b7ah+8ai1DFLYXwvuXoBsP"],[1],2]],[1,"a6KD219IlOn5S+3j+ZUCYq",null,null,null,-1,0]]],0,[0,1,1,0,0,1,0,0,1,0,0,1,0,2,1,4],[0,0,0],[3,-1,4],[7,1,1]],[[{"name":"PeaBulletHit","rect":{"x":1,"y":0,"width":51,"height":45},"offset":{"x":0.5,"y":0.5},"originalSize":{"width":52,"height":46},"rotated":false,"capInsets":[0,0,0,0],"vertices":{"rawPosition":[-25.5,-22.5,0,25.5,-22.5,0,-25.5,22.5,0,25.5,22.5,0],"indexes":[0,1,2,2,1,3],"uv":[1,46,52,46,1,1,52,1],"nuv":[0.019230769230769232,0.021739130434782608,1,0.021739130434782608,0.019230769230769232,1,1,1],"minPos":{"x":-25.5,"y":-22.5,"z":0},"maxPos":{"x":25.5,"y":22.5,"z":0}},"packable":true,"pixelsToUnit":100,"pivot":{"x":0.5,"y":0.5},"meshType":0}],[1],0,[0],[5],[8]]]]
