[1,["0baQgV2g1PFYhxurlgocbs@6c48a"],["_textureSource"],["cc.SpriteFrame"],0,[{"name":"WallNut_14","rect":{"x":0,"y":3,"width":61,"height":69},"offset":{"x":-2,"y":-1},"originalSize":{"width":65,"height":73},"rotated":false,"capInsets":[0,0,0,0],"vertices":{"rawPosition":[-30.5,-34.5,0,30.5,-34.5,0,-30.5,34.5,0,30.5,34.5,0],"indexes":[0,1,2,2,1,3],"uv":[0,70,61,70,0,1,61,1],"nuv":[0,0.0136986301369863,0.9384615384615385,0.0136986301369863,0,0.958904109589041,0.9384615384615385,0.958904109589041],"minPos":{"x":-30.5,"y":-34.5,"z":0},"maxPos":{"x":30.5,"y":34.5,"z":0}},"packable":true,"pixelsToUnit":100,"pivot":{"x":0.5,"y":0.5},"meshType":0}],[0],0,[0],[0],[0]]
