[1,["51jLtGKaZM2pMR1Q+d2x2k@6c48a"],["_textureSource"],["cc.SpriteFrame"],0,[{"name":"BucketheadZombieAttack_2","rect":{"x":53,"y":9,"width":82,"height":135},"offset":{"x":11,"y":-4.5},"originalSize":{"width":166,"height":144},"rotated":false,"capInsets":[0,0,0,0],"vertices":{"rawPosition":[-41,-67.5,0,41,-67.5,0,-41,67.5,0,41,67.5,0],"indexes":[0,1,2,2,1,3],"uv":[53,135,135,135,53,0,135,0],"nuv":[0.3192771084337349,0,0.8132530120481928,0,0.3192771084337349,0.9375,0.8132530120481928,0.9375],"minPos":{"x":-41,"y":-67.5,"z":0},"maxPos":{"x":41,"y":67.5,"z":0}},"packable":true,"pixelsToUnit":100,"pivot":{"x":0.5,"y":0.5},"meshType":0}],[0],0,[0],[0],[0]]
