[1,["1a4O3asnlOuoHfgM/+jC+m@6c48a"],["_textureSource"],["cc.SpriteFrame"],0,[{"name":"SnowPea_8","rect":{"x":0,"y":3,"width":63,"height":68},"offset":{"x":-4,"y":-1.5},"originalSize":{"width":71,"height":71},"rotated":false,"capInsets":[0,0,0,0],"vertices":{"rawPosition":[-31.5,-34,0,31.5,-34,0,-31.5,34,0,31.5,34,0],"indexes":[0,1,2,2,1,3],"uv":[0,68,63,68,0,0,63,0],"nuv":[0,0,0.8873239436619719,0,0,0.9577464788732394,0.8873239436619719,0.9577464788732394],"minPos":{"x":-31.5,"y":-34,"z":0},"maxPos":{"x":31.5,"y":34,"z":0}},"packable":true,"pixelsToUnit":100,"pivot":{"x":0.5,"y":0.5},"meshType":0}],[0],0,[0],[0],[0]]
