[1,["1a+WXGJ1BNGJ59yJibGCzq@6c48a"],["_textureSource"],["cc.SpriteFrame"],0,[{"name":"FlagZombieLostHeadAttack_2","rect":{"x":55,"y":2,"width":102,"height":141},"offset":{"x":23,"y":-0.5},"originalSize":{"width":166,"height":144},"rotated":false,"capInsets":[0,0,0,0],"vertices":{"rawPosition":[-51,-70.5,0,51,-70.5,0,-51,70.5,0,51,70.5,0],"indexes":[0,1,2,2,1,3],"uv":[55,142,157,142,55,1,157,1],"nuv":[0.3313253012048193,0.006944444444444444,0.9457831325301205,0.006944444444444444,0.3313253012048193,0.9861111111111112,0.9457831325301205,0.9861111111111112],"minPos":{"x":-51,"y":-70.5,"z":0},"maxPos":{"x":51,"y":70.5,"z":0}},"packable":true,"pixelsToUnit":100,"pivot":{"x":0.5,"y":0.5},"meshType":0}],[0],0,[0],[0],[0]]
