[1,["58ZqRRce1A8KdZ5coQi+7g@6c48a"],["_textureSource"],["cc.SpriteFrame"],0,[{"name":"zombiec1","rect":{"x":22,"y":24,"width":103,"height":120},"offset":{"x":-9.5,"y":-12},"originalSize":{"width":166,"height":144},"rotated":false,"capInsets":[0,0,0,0],"vertices":{"rawPosition":[-51.5,-60,0,51.5,-60,0,-51.5,60,0,51.5,60,0],"indexes":[0,1,2,2,1,3],"uv":[22,120,125,120,22,0,125,0],"nuv":[0.13253012048192772,0,0.7530120481927711,0,0.13253012048192772,0.8333333333333334,0.7530120481927711,0.8333333333333334],"minPos":{"x":-51.5,"y":-60,"z":0},"maxPos":{"x":51.5,"y":60,"z":0}},"packable":true,"pixelsToUnit":100,"pivot":{"x":0.5,"y":0.5},"meshType":0}],[0],0,[0],[0],[0]]
