[1,["58m5uPKFVPfpmHRb/n6WIr@6c48a"],["_textureSource"],["cc.SpriteFrame"],0,[{"name":"Repeater_9","rect":{"x":0,"y":8,"width":64,"height":62},"offset":{"x":-4.5,"y":-3.5},"originalSize":{"width":73,"height":71},"rotated":false,"capInsets":[0,0,0,0],"vertices":{"rawPosition":[-32,-31,0,32,-31,0,-32,31,0,32,31,0],"indexes":[0,1,2,2,1,3],"uv":[0,63,64,63,0,1,64,1],"nuv":[0,0.014084507042253521,0.8767123287671232,0.014084507042253521,0,0.8873239436619719,0.8767123287671232,0.8873239436619719],"minPos":{"x":-32,"y":-31,"z":0},"maxPos":{"x":32,"y":31,"z":0}},"packable":true,"pixelsToUnit":100,"pivot":{"x":0.5,"y":0.5},"meshType":0}],[0],0,[0],[0],[0]]
