[1,["13a0OmdINI/JhUEDbNTgr4@6c48a"],["_textureSource"],["cc.SpriteFrame"],0,[{"name":"Torchwood_1","rect":{"x":1,"y":4,"width":70,"height":82},"offset":{"x":-0.5,"y":-1.5},"originalSize":{"width":73,"height":87},"rotated":false,"capInsets":[0,0,0,0],"vertices":{"rawPosition":[-35,-41,0,35,-41,0,-35,41,0,35,41,0],"indexes":[0,1,2,2,1,3],"uv":[1,83,71,83,1,1,71,1],"nuv":[0.0136986301369863,0.011494252873563218,0.9726027397260274,0.011494252873563218,0.0136986301369863,0.9540229885057471,0.9726027397260274,0.9540229885057471],"minPos":{"x":-35,"y":-41,"z":0},"maxPos":{"x":35,"y":41,"z":0}},"packable":true,"pixelsToUnit":100,"pivot":{"x":0.5,"y":0.5},"meshType":0}],[0],0,[0],[0],[0]]
