[1,["13dU/8VVZAv7sXAJ5i9zHJ@6c48a"],["_textureSource"],["cc.SpriteFrame"],0,[{"name":"TwinSunflower_2","rect":{"x":4,"y":0,"width":76,"height":84},"offset":{"x":0.5,"y":0},"originalSize":{"width":83,"height":84},"rotated":false,"capInsets":[0,0,0,0],"vertices":{"rawPosition":[-38,-42,0,38,-42,0,-38,42,0,38,42,0],"indexes":[0,1,2,2,1,3],"uv":[4,84,80,84,4,0,80,0],"nuv":[0.04819277108433735,0,0.963855421686747,0,0.04819277108433735,1,0.963855421686747,1],"minPos":{"x":-38,"y":-42,"z":0},"maxPos":{"x":38,"y":42,"z":0}},"packable":true,"pixelsToUnit":100,"pivot":{"x":0.5,"y":0.5},"meshType":0}],[0],0,[0],[0],[0]]
