[1,["5fPHUHYKVKeoUCFZKyiY0h@6c48a"],["_textureSource"],["cc.SpriteFrame"],0,[{"name":"ConeheadZombie_20","rect":{"x":82,"y":4,"width":72,"height":139},"offset":{"x":35,"y":-1.5},"originalSize":{"width":166,"height":144},"rotated":false,"capInsets":[0,0,0,0],"vertices":{"rawPosition":[-36,-69.5,0,36,-69.5,0,-36,69.5,0,36,69.5,0],"indexes":[0,1,2,2,1,3],"uv":[82,140,154,140,82,1,154,1],"nuv":[0.4939759036144578,0.006944444444444444,0.927710843373494,0.006944444444444444,0.4939759036144578,0.9722222222222222,0.927710843373494,0.9722222222222222],"minPos":{"x":-36,"y":-69.5,"z":0},"maxPos":{"x":36,"y":69.5,"z":0}},"packable":true,"pixelsToUnit":100,"pivot":{"x":0.5,"y":0.5},"meshType":0}],[0],0,[0],[0],[0]]
