[1,["5fu/iuxVdIs7QgBdsc4SlM@6c48a"],["_textureSource"],["cc.SpriteFrame"],0,[{"name":"Zombie2_23","rect":{"x":63,"y":22,"width":83,"height":120},"offset":{"x":21.5,"y":-10},"originalSize":{"width":166,"height":144},"rotated":false,"capInsets":[0,0,0,0],"vertices":{"rawPosition":[-41.5,-60,0,41.5,-60,0,-41.5,60,0,41.5,60,0],"indexes":[0,1,2,2,1,3],"uv":[63,122,146,122,63,2,146,2],"nuv":[0.3795180722891566,0.013888888888888888,0.8795180722891566,0.013888888888888888,0.3795180722891566,0.8472222222222222,0.8795180722891566,0.8472222222222222],"minPos":{"x":-41.5,"y":-60,"z":0},"maxPos":{"x":41.5,"y":60,"z":0}},"packable":true,"pixelsToUnit":100,"pivot":{"x":0.5,"y":0.5},"meshType":0}],[0],0,[0],[0],[0]]
