[1,["34C+T+wKpDTaAv0t6hCE0F@6c48a"],["_textureSource"],["cc.SpriteFrame"],0,[{"name":"Squash_13","rect":{"x":15,"y":144,"width":70,"height":82},"offset":{"x":0,"y":-72},"originalSize":{"width":100,"height":226},"rotated":false,"capInsets":[0,0,0,0],"vertices":{"rawPosition":[-35,-41,0,35,-41,0,-35,41,0,35,41,0],"indexes":[0,1,2,2,1,3],"uv":[15,82,85,82,15,0,85,0],"nuv":[0.15,0,0.85,0,0.15,0.36283185840707965,0.85,0.36283185840707965],"minPos":{"x":-35,"y":-41,"z":0},"maxPos":{"x":35,"y":41,"z":0}},"packable":true,"pixelsToUnit":100,"pivot":{"x":0.5,"y":0.5},"meshType":0}],[0],0,[0],[0],[0]]
