[1,["34Pof2aY1CrK0/mzOIgFFj@6c48a"],["_textureSource"],["cc.SpriteFrame"],0,[{"name":"TallNut_1","rect":{"x":1,"y":2,"width":81,"height":117},"offset":{"x":0,"y":-1},"originalSize":{"width":83,"height":119},"rotated":false,"capInsets":[0,0,0,0],"vertices":{"rawPosition":[-40.5,-58.5,0,40.5,-58.5,0,-40.5,58.5,0,40.5,58.5,0],"indexes":[0,1,2,2,1,3],"uv":[1,117,82,117,1,0,82,0],"nuv":[0.012048192771084338,0,0.9879518072289156,0,0.012048192771084338,0.9831932773109243,0.9879518072289156,0.9831932773109243],"minPos":{"x":-40.5,"y":-58.5,"z":0},"maxPos":{"x":40.5,"y":58.5,"z":0}},"packable":true,"pixelsToUnit":100,"pivot":{"x":0.5,"y":0.5},"meshType":0}],[0],0,[0],[0],[0]]
