[1,["4cW18gxQpH7KJzBj/6lWYa@6c48a"],["_textureSource"],["cc.SpriteFrame"],0,[{"name":"dialog_bottomright","rect":{"x":0,"y":0,"width":108,"height":97},"offset":{"x":0,"y":0},"originalSize":{"width":108,"height":97},"rotated":false,"capInsets":[0,0,0,0],"vertices":{"rawPosition":[-54,-48.5,0,54,-48.5,0,-54,48.5,0,54,48.5,0],"indexes":[0,1,2,2,1,3],"uv":[0,97,108,97,0,0,108,0],"nuv":[0,0,1,0,0,1,1,1],"minPos":{"x":-54,"y":-48.5,"z":0},"maxPos":{"x":54,"y":48.5,"z":0}},"packable":true,"pixelsToUnit":100,"pivot":{"x":0.5,"y":0.5},"meshType":0}],[0],0,[0],[0],[0]]
