[1,["4cdbPOeRRLbI8qys+PmL+z@6c48a"],["_textureSource"],["cc.SpriteFrame"],0,[{"name":"SquashAttack_3","rect":{"x":0,"y":176,"width":100,"height":50},"offset":{"x":0,"y":-88},"originalSize":{"width":100,"height":226},"rotated":false,"capInsets":[0,0,0,0],"vertices":{"rawPosition":[-50,-25,0,50,-25,0,-50,25,0,50,25,0],"indexes":[0,1,2,2,1,3],"uv":[0,50,100,50,0,0,100,0],"nuv":[0,0,1,0,0,0.22123893805309736,1,0.22123893805309736],"minPos":{"x":-50,"y":-25,"z":0},"maxPos":{"x":50,"y":25,"z":0}},"packable":true,"pixelsToUnit":100,"pivot":{"x":0.5,"y":0.5},"meshType":0}],[0],0,[0],[0],[0]]
