[1,["50V120OYpHHJMxrQdDMnms@6c48a"],["_textureSource"],["cc.SpriteFrame"],0,[{"name":"SnowPea_3","rect":{"x":7,"y":3,"width":64,"height":68},"offset":{"x":3.5,"y":-1.5},"originalSize":{"width":71,"height":71},"rotated":false,"capInsets":[0,0,0,0],"vertices":{"rawPosition":[-32,-34,0,32,-34,0,-32,34,0,32,34,0],"indexes":[0,1,2,2,1,3],"uv":[7,68,71,68,7,0,71,0],"nuv":[0.09859154929577464,0,1,0,0.09859154929577464,0.9577464788732394,1,0.9577464788732394],"minPos":{"x":-32,"y":-34,"z":0},"maxPos":{"x":32,"y":34,"z":0}},"packable":true,"pixelsToUnit":100,"pivot":{"x":0.5,"y":0.5},"meshType":0}],[0],0,[0],[0],[0]]
