[1,["48b8CCHhVDy5uV2EmgxqCe@6c48a"],["_textureSource"],["cc.SpriteFrame"],0,[{"name":"FumeShroomBullet_7","rect":{"x":25,"y":2,"width":314,"height":58},"offset":{"x":10.5,"y":0},"originalSize":{"width":343,"height":62},"rotated":false,"capInsets":[0,0,0,0],"vertices":{"rawPosition":[-157,-29,0,157,-29,0,-157,29,0,157,29,0],"indexes":[0,1,2,2,1,3],"uv":[25,60,339,60,25,2,339,2],"nuv":[0.0728862973760933,0.03225806451612903,0.9883381924198251,0.03225806451612903,0.0728862973760933,0.967741935483871,0.9883381924198251,0.967741935483871],"minPos":{"x":-157,"y":-29,"z":0},"maxPos":{"x":157,"y":29,"z":0}},"packable":true,"pixelsToUnit":100,"pivot":{"x":0.5,"y":0.5},"meshType":0}],[0],0,[0],[0],[0]]
