[1,["48e8hZD25JHqJd8Cu4EfZE@6c48a"],["_textureSource"],["cc.SpriteFrame"],0,[{"name":"Repeater_8","rect":{"x":0,"y":2,"width":65,"height":68},"offset":{"x":-4,"y":-0.5},"originalSize":{"width":73,"height":71},"rotated":false,"capInsets":[0,0,0,0],"vertices":{"rawPosition":[-32.5,-34,0,32.5,-34,0,-32.5,34,0,32.5,34,0],"indexes":[0,1,2,2,1,3],"uv":[0,69,65,69,0,1,65,1],"nuv":[0,0.014084507042253521,0.8904109589041096,0.014084507042253521,0,0.971830985915493,0.8904109589041096,0.971830985915493],"minPos":{"x":-32.5,"y":-34,"z":0},"maxPos":{"x":32.5,"y":34,"z":0}},"packable":true,"pixelsToUnit":100,"pivot":{"x":0.5,"y":0.5},"meshType":0}],[0],0,[0],[0],[0]]
