[1,["14gsOwqPxDYqZwCLuM8ZIX@6c48a"],["_textureSource"],["cc.SpriteFrame"],0,[{"name":"ConeheadZombie_19","rect":{"x":83,"y":2,"width":69,"height":141},"offset":{"x":34.5,"y":-0.5},"originalSize":{"width":166,"height":144},"rotated":false,"capInsets":[0,0,0,0],"vertices":{"rawPosition":[-34.5,-70.5,0,34.5,-70.5,0,-34.5,70.5,0,34.5,70.5,0],"indexes":[0,1,2,2,1,3],"uv":[83,142,152,142,83,1,152,1],"nuv":[0.5,0.006944444444444444,0.9156626506024096,0.006944444444444444,0.5,0.9861111111111112,0.9156626506024096,0.9861111111111112],"minPos":{"x":-34.5,"y":-70.5,"z":0},"maxPos":{"x":34.5,"y":70.5,"z":0}},"packable":true,"pixelsToUnit":100,"pivot":{"x":0.5,"y":0.5},"meshType":0}],[0],0,[0],[0],[0]]
