[1,["14u8CYo31Hn6fUu74sxKBm@6c48a"],["_textureSource"],["cc.SpriteFrame"],0,[{"name":"GatlingPeaG","rect":{"x":0,"y":0,"width":100,"height":60},"offset":{"x":0,"y":0},"originalSize":{"width":100,"height":60},"rotated":false,"capInsets":[0,0,0,0],"vertices":{"rawPosition":[-50,-30,0,50,-30,0,-50,30,0,50,30,0],"indexes":[0,1,2,2,1,3],"uv":[0,60,100,60,0,0,100,0],"nuv":[0,0,1,0,0,1,1,1],"minPos":{"x":-50,"y":-30,"z":0},"maxPos":{"x":50,"y":30,"z":0}},"packable":true,"pixelsToUnit":100,"pivot":{"x":0.5,"y":0.5},"meshType":0}],[0],0,[0],[0],[0]]
