[1,["17hGfI+BlCf6eENkxi4M1t@6c48a"],["_textureSource"],["cc.SpriteFrame"],0,[{"name":"GloomShroomBullet_9","rect":{"x":0,"y":10,"width":206,"height":190},"offset":{"x":-2,"y":-5},"originalSize":{"width":210,"height":200},"rotated":false,"capInsets":[0,0,0,0],"vertices":{"rawPosition":[-103,-95,0,103,-95,0,-103,95,0,103,95,0],"indexes":[0,1,2,2,1,3],"uv":[0,190,206,190,0,0,206,0],"nuv":[0,0,0.9809523809523809,0,0,0.95,0.9809523809523809,0.95],"minPos":{"x":-103,"y":-95,"z":0},"maxPos":{"x":103,"y":95,"z":0}},"packable":true,"pixelsToUnit":100,"pivot":{"x":0.5,"y":0.5},"meshType":0}],[0],0,[0],[0],[0]]
