[1,["17lDZb15BBjZKFwxMCBwDw@6c48a"],["_textureSource"],["cc.SpriteFrame"],0,[{"name":"FlagZombieLostHeadAttack_4","rect":{"x":58,"y":0,"width":98,"height":143},"offset":{"x":24,"y":0.5},"originalSize":{"width":166,"height":144},"rotated":false,"capInsets":[0,0,0,0],"vertices":{"rawPosition":[-49,-71.5,0,49,-71.5,0,-49,71.5,0,49,71.5,0],"indexes":[0,1,2,2,1,3],"uv":[58,144,156,144,58,1,156,1],"nuv":[0.3493975903614458,0.006944444444444444,0.9397590361445783,0.006944444444444444,0.3493975903614458,1,0.9397590361445783,1],"minPos":{"x":-49,"y":-71.5,"z":0},"maxPos":{"x":49,"y":71.5,"z":0}},"packable":true,"pixelsToUnit":100,"pivot":{"x":0.5,"y":0.5},"meshType":0}],[0],0,[0],[0],[0]]
