[1,["24g3bBjTdN7YWKtQ2ia1xQ@6c48a","bbxZC6cYxFaaLhTKsa4GH8","aadXw2NnZAB4KK0rFllG1r","2fVM6yc6VO1ZAGnbWv+EbM@6c48a","3bNOOMSXFEb5hOq21icr86@6c48a","42FVqOYU1LxqMe0gbjHACk@6c48a","4aFOX2vLVJ7INtSp2womN0@6c48a","4e+RIw/vxIprBWyMdUv5P5@6c48a","51IIg1W9tL54USFe6imvBz@6c48a","58zs8MjJZGZ6+xo3EvTTn9@6c48a","5bZsSZcFpF1L1gik8QklvW@6c48a","6568c2iQdOo6kA+o9Y+QpG@6c48a","66jJzRkNRGIZcLwOV97CTv@6c48a","75Hydmb/5DmKW65W1/uUli@6c48a","88FSQ4EexBcrp5pvDQ0ygY@6c48a","9csSqfQoxOBJAxm3CZtAlE@6c48a","a0wJaf/g5BFLHeb+5VRbNq@6c48a","a1tdrpS/JJu7V353wQHYgR@6c48a","a4Gz5hvDZGGKI4fT44E8C6@6c48a","dfWBWddgBFEKNNmAcusQZ8@6c48a"],["_textureSource","to","from","_anyState","_exitState","_entryState","clip"],["cc.SpriteFrame",["cc.animation.Layer",["name","_stateMachine"],2,4],["cc.animation.AnimationGraph",["_layers","_variables"],3,9,11],["cc.animation.StateMachine",["_states","_transitions","_entryState","_exitState","_anyState"],3,2,9,1,1,1],["cc.animation.Transition",["from","to"],3,1,1],["cc.animation.EmptyStateTransition",["from","to","conditions","startEventBinding","endEventBinding"],3,1,1,9,4,4],["cc.animation.TriggerCondition",["trigger"],2],["cc.animation.AnimationGraphEventBinding",[],3],["cc.animation.AnimationTransition",["from","to","startEventBinding","endEventBinding"],3,1,1,4,4],["cc.animation.TriggerVariable",[],3],["cc.animation.EmptyState",["name"],2],["cc.animation.State",["name"],2],["cc.animation.Motion",["name","motion","transitionInEventBinding","transitionOutEventBinding"],2,4,4,4],["cc.animation.ClipMotion",["clip"],3,6]],[[7,1],[11,0,2],[3,0,1,2,3,4,1],[4,0,1,1],[12,0,1,2,3,2],[13,0,1],[2,0,1,1],[1,1,1],[1,0,1,2],[5,0,1,2,3,4,1],[6,0,2],[8,0,1,2,3,1],[9,1],[10,0,2]],[[[{"name":"sunflower25","rect":{"x":0,"y":8,"width":59,"height":62},"offset":{"x":-5,"y":-4},"originalSize":{"width":69,"height":70},"rotated":false,"capInsets":[0,0,0,0],"vertices":{"rawPosition":[-29.5,-31,0,29.5,-31,0,-29.5,31,0,29.5,31,0],"indexes":[0,1,2,2,1,3],"uv":[0,62,59,62,0,0,59,0],"nuv":[0,0,0.855072463768116,0,0,0.8857142857142857,0.855072463768116,0.8857142857142857],"minPos":{"x":-29.5,"y":-31,"z":0},"maxPos":{"x":29.5,"y":31,"z":0}},"packable":true,"pixelsToUnit":100,"pivot":{"x":0.5,"y":0.5},"meshType":0}],[0],0,[0],[0],[0]],[[[6,[[7,[2,[-6,-7,-8,-9],[[3,-5,-4]],-3,-2,-1]],[8,"glowing",[2,[-19,-20,-21,-22,-23],[[3,-14,-13],[9,-16,-15,[[10,"isGlowing"]],[0],[0]],[11,-18,-17,[0],[0]]],-12,-11,-10]]],[{},"isGlowing",4,[12]]],[13,"Empty"],[1,"Entry"],[1,"Entry"],[4,"SunFlowerGlowing",[5,1],[0],[0]],[1,"Exit"],[1,"Any"],[4,"SunFlower_ani",[5,0],[0],[0]],[1,"Exit"],[1,"Any"]],0,[0,3,6,0,4,5,0,5,2,0,1,7,0,2,2,0,-1,2,0,-2,5,0,-3,6,0,-4,7,0,3,9,0,4,8,0,5,3,0,1,1,0,2,3,0,1,4,0,2,1,0,1,1,0,2,4,0,-1,3,0,-2,8,0,-3,9,0,-4,4,0,-5,1,23],[0,0],[6,6],[1,2]],[[{"name":"sunflower212","rect":{"x":6,"y":0,"width":60,"height":70},"offset":{"x":1.5,"y":0},"originalSize":{"width":69,"height":70},"rotated":false,"capInsets":[0,0,0,0],"vertices":{"rawPosition":[-30,-35,0,30,-35,0,-30,35,0,30,35,0],"indexes":[0,1,2,2,1,3],"uv":[6,70,66,70,6,0,66,0],"nuv":[0.08695652173913043,0,0.9565217391304348,0,0.08695652173913043,1,0.9565217391304348,1],"minPos":{"x":-30,"y":-35,"z":0},"maxPos":{"x":30,"y":35,"z":0}},"packable":true,"pixelsToUnit":100,"pivot":{"x":0.5,"y":0.5},"meshType":0}],[0],0,[0],[0],[3]],[[{"name":"sunflower29","rect":{"x":2,"y":1,"width":61,"height":69},"offset":{"x":-2,"y":-0.5},"originalSize":{"width":69,"height":70},"rotated":false,"capInsets":[0,0,0,0],"vertices":{"rawPosition":[-30.5,-34.5,0,30.5,-34.5,0,-30.5,34.5,0,30.5,34.5,0],"indexes":[0,1,2,2,1,3],"uv":[2,69,63,69,2,0,63,0],"nuv":[0.028985507246376812,0,0.9130434782608695,0,0.028985507246376812,0.9857142857142858,0.9130434782608695,0.9857142857142858],"minPos":{"x":-30.5,"y":-34.5,"z":0},"maxPos":{"x":30.5,"y":34.5,"z":0}},"packable":true,"pixelsToUnit":100,"pivot":{"x":0.5,"y":0.5},"meshType":0}],[0],0,[0],[0],[4]],[[{"name":"sunflower217","rect":{"x":5,"y":1,"width":61,"height":69},"offset":{"x":1,"y":-0.5},"originalSize":{"width":69,"height":70},"rotated":false,"capInsets":[0,0,0,0],"vertices":{"rawPosition":[-30.5,-34.5,0,30.5,-34.5,0,-30.5,34.5,0,30.5,34.5,0],"indexes":[0,1,2,2,1,3],"uv":[5,69,66,69,5,0,66,0],"nuv":[0.07246376811594203,0,0.9565217391304348,0,0.07246376811594203,0.9857142857142858,0.9565217391304348,0.9857142857142858],"minPos":{"x":-30.5,"y":-34.5,"z":0},"maxPos":{"x":30.5,"y":34.5,"z":0}},"packable":true,"pixelsToUnit":100,"pivot":{"x":0.5,"y":0.5},"meshType":0}],[0],0,[0],[0],[5]],[[{"name":"sunflower20","rect":{"x":5,"y":1,"width":60,"height":69},"offset":{"x":0.5,"y":-0.5},"originalSize":{"width":69,"height":70},"rotated":false,"capInsets":[0,0,0,0],"vertices":{"rawPosition":[-30,-34.5,0,30,-34.5,0,-30,34.5,0,30,34.5,0],"indexes":[0,1,2,2,1,3],"uv":[5,69,65,69,5,0,65,0],"nuv":[0.07246376811594203,0,0.9420289855072463,0,0.07246376811594203,0.9857142857142858,0.9420289855072463,0.9857142857142858],"minPos":{"x":-30,"y":-34.5,"z":0},"maxPos":{"x":30,"y":34.5,"z":0}},"packable":true,"pixelsToUnit":100,"pivot":{"x":0.5,"y":0.5},"meshType":0}],[0],0,[0],[0],[6]],[[{"name":"sunflower21","rect":{"x":3,"y":0,"width":60,"height":70},"offset":{"x":-1.5,"y":0},"originalSize":{"width":69,"height":70},"rotated":false,"capInsets":[0,0,0,0],"vertices":{"rawPosition":[-30,-35,0,30,-35,0,-30,35,0,30,35,0],"indexes":[0,1,2,2,1,3],"uv":[3,70,63,70,3,0,63,0],"nuv":[0.043478260869565216,0,0.9130434782608695,0,0.043478260869565216,1,0.9130434782608695,1],"minPos":{"x":-30,"y":-35,"z":0},"maxPos":{"x":30,"y":35,"z":0}},"packable":true,"pixelsToUnit":100,"pivot":{"x":0.5,"y":0.5},"meshType":0}],[0],0,[0],[0],[7]],[[{"name":"sunflower216","rect":{"x":6,"y":2,"width":61,"height":68},"offset":{"x":2,"y":-1},"originalSize":{"width":69,"height":70},"rotated":false,"capInsets":[0,0,0,0],"vertices":{"rawPosition":[-30.5,-34,0,30.5,-34,0,-30.5,34,0,30.5,34,0],"indexes":[0,1,2,2,1,3],"uv":[6,68,67,68,6,0,67,0],"nuv":[0.08695652173913043,0,0.9710144927536232,0,0.08695652173913043,0.9714285714285714,0.9710144927536232,0.9714285714285714],"minPos":{"x":-30.5,"y":-34,"z":0},"maxPos":{"x":30.5,"y":34,"z":0}},"packable":true,"pixelsToUnit":100,"pivot":{"x":0.5,"y":0.5},"meshType":0}],[0],0,[0],[0],[8]],[[{"name":"sunflower28","rect":{"x":1,"y":1,"width":62,"height":69},"offset":{"x":-2.5,"y":-0.5},"originalSize":{"width":69,"height":70},"rotated":false,"capInsets":[0,0,0,0],"vertices":{"rawPosition":[-31,-34.5,0,31,-34.5,0,-31,34.5,0,31,34.5,0],"indexes":[0,1,2,2,1,3],"uv":[1,69,63,69,1,0,63,0],"nuv":[0.014492753623188406,0,0.9130434782608695,0,0.014492753623188406,0.9857142857142858,0.9130434782608695,0.9857142857142858],"minPos":{"x":-31,"y":-34.5,"z":0},"maxPos":{"x":31,"y":34.5,"z":0}},"packable":true,"pixelsToUnit":100,"pivot":{"x":0.5,"y":0.5},"meshType":0}],[0],0,[0],[0],[9]],[[{"name":"sunflower26","rect":{"x":0,"y":5,"width":60,"height":65},"offset":{"x":-4.5,"y":-2.5},"originalSize":{"width":69,"height":70},"rotated":false,"capInsets":[0,0,0,0],"vertices":{"rawPosition":[-30,-32.5,0,30,-32.5,0,-30,32.5,0,30,32.5,0],"indexes":[0,1,2,2,1,3],"uv":[0,65,60,65,0,0,60,0],"nuv":[0,0,0.8695652173913043,0,0,0.9285714285714286,0.8695652173913043,0.9285714285714286],"minPos":{"x":-30,"y":-32.5,"z":0},"maxPos":{"x":30,"y":32.5,"z":0}},"packable":true,"pixelsToUnit":100,"pivot":{"x":0.5,"y":0.5},"meshType":0}],[0],0,[0],[0],[10]],[[{"name":"sunflower211","rect":{"x":5,"y":0,"width":60,"height":70},"offset":{"x":0.5,"y":0},"originalSize":{"width":69,"height":70},"rotated":false,"capInsets":[0,0,0,0],"vertices":{"rawPosition":[-30,-35,0,30,-35,0,-30,35,0,30,35,0],"indexes":[0,1,2,2,1,3],"uv":[5,70,65,70,5,0,65,0],"nuv":[0.07246376811594203,0,0.9420289855072463,0,0.07246376811594203,1,0.9420289855072463,1],"minPos":{"x":-30,"y":-35,"z":0},"maxPos":{"x":30,"y":35,"z":0}},"packable":true,"pixelsToUnit":100,"pivot":{"x":0.5,"y":0.5},"meshType":0}],[0],0,[0],[0],[11]],[[{"name":"sunflower215","rect":{"x":9,"y":9,"width":60,"height":61},"offset":{"x":4.5,"y":-4.5},"originalSize":{"width":69,"height":70},"rotated":false,"capInsets":[0,0,0,0],"vertices":{"rawPosition":[-30,-30.5,0,30,-30.5,0,-30,30.5,0,30,30.5,0],"indexes":[0,1,2,2,1,3],"uv":[9,61,69,61,9,0,69,0],"nuv":[0.13043478260869565,0,1,0,0.13043478260869565,0.8714285714285714,1,0.8714285714285714],"minPos":{"x":-30,"y":-30.5,"z":0},"maxPos":{"x":30,"y":30.5,"z":0}},"packable":true,"pixelsToUnit":100,"pivot":{"x":0.5,"y":0.5},"meshType":0}],[0],0,[0],[0],[12]],[[{"name":"sunflower214","rect":{"x":8,"y":5,"width":61,"height":65},"offset":{"x":4,"y":-2.5},"originalSize":{"width":69,"height":70},"rotated":false,"capInsets":[0,0,0,0],"vertices":{"rawPosition":[-30.5,-32.5,0,30.5,-32.5,0,-30.5,32.5,0,30.5,32.5,0],"indexes":[0,1,2,2,1,3],"uv":[8,65,69,65,8,0,69,0],"nuv":[0.11594202898550725,0,1,0,0.11594202898550725,0.9285714285714286,1,0.9285714285714286],"minPos":{"x":-30.5,"y":-32.5,"z":0},"maxPos":{"x":30.5,"y":32.5,"z":0}},"packable":true,"pixelsToUnit":100,"pivot":{"x":0.5,"y":0.5},"meshType":0}],[0],0,[0],[0],[13]],[[{"name":"sunflower24","rect":{"x":1,"y":1,"width":60,"height":69},"offset":{"x":-3.5,"y":-0.5},"originalSize":{"width":69,"height":70},"rotated":false,"capInsets":[0,0,0,0],"vertices":{"rawPosition":[-30,-34.5,0,30,-34.5,0,-30,34.5,0,30,34.5,0],"indexes":[0,1,2,2,1,3],"uv":[1,69,61,69,1,0,61,0],"nuv":[0.014492753623188406,0,0.8840579710144928,0,0.014492753623188406,0.9857142857142858,0.8840579710144928,0.9857142857142858],"minPos":{"x":-30,"y":-34.5,"z":0},"maxPos":{"x":30,"y":34.5,"z":0}},"packable":true,"pixelsToUnit":100,"pivot":{"x":0.5,"y":0.5},"meshType":0}],[0],0,[0],[0],[14]],[[{"name":"sunflower27","rect":{"x":0,"y":2,"width":62,"height":68},"offset":{"x":-3.5,"y":-1},"originalSize":{"width":69,"height":70},"rotated":false,"capInsets":[0,0,0,0],"vertices":{"rawPosition":[-31,-34,0,31,-34,0,-31,34,0,31,34,0],"indexes":[0,1,2,2,1,3],"uv":[0,68,62,68,0,0,62,0],"nuv":[0,0,0.8985507246376812,0,0,0.9714285714285714,0.8985507246376812,0.9714285714285714],"minPos":{"x":-31,"y":-34,"z":0},"maxPos":{"x":31,"y":34,"z":0}},"packable":true,"pixelsToUnit":100,"pivot":{"x":0.5,"y":0.5},"meshType":0}],[0],0,[0],[0],[15]],[[{"name":"sunflower210","rect":{"x":3,"y":1,"width":60,"height":69},"offset":{"x":-1.5,"y":-0.5},"originalSize":{"width":69,"height":70},"rotated":false,"capInsets":[0,0,0,0],"vertices":{"rawPosition":[-30,-34.5,0,30,-34.5,0,-30,34.5,0,30,34.5,0],"indexes":[0,1,2,2,1,3],"uv":[3,69,63,69,3,0,63,0],"nuv":[0.043478260869565216,0,0.9130434782608695,0,0.043478260869565216,0.9857142857142858,0.9130434782608695,0.9857142857142858],"minPos":{"x":-30,"y":-34.5,"z":0},"maxPos":{"x":30,"y":34.5,"z":0}},"packable":true,"pixelsToUnit":100,"pivot":{"x":0.5,"y":0.5},"meshType":0}],[0],0,[0],[0],[16]],[[{"name":"sunflower23","rect":{"x":2,"y":0,"width":60,"height":70},"offset":{"x":-2.5,"y":0},"originalSize":{"width":69,"height":70},"rotated":false,"capInsets":[0,0,0,0],"vertices":{"rawPosition":[-30,-35,0,30,-35,0,-30,35,0,30,35,0],"indexes":[0,1,2,2,1,3],"uv":[2,70,62,70,2,0,62,0],"nuv":[0.028985507246376812,0,0.8985507246376812,0,0.028985507246376812,1,0.8985507246376812,1],"minPos":{"x":-30,"y":-35,"z":0},"maxPos":{"x":30,"y":35,"z":0}},"packable":true,"pixelsToUnit":100,"pivot":{"x":0.5,"y":0.5},"meshType":0}],[0],0,[0],[0],[17]],[[{"name":"sunflower213","rect":{"x":7,"y":2,"width":60,"height":68},"offset":{"x":2.5,"y":-1},"originalSize":{"width":69,"height":70},"rotated":false,"capInsets":[0,0,0,0],"vertices":{"rawPosition":[-30,-34,0,30,-34,0,-30,34,0,30,34,0],"indexes":[0,1,2,2,1,3],"uv":[7,68,67,68,7,0,67,0],"nuv":[0.10144927536231885,0,0.9710144927536232,0,0.10144927536231885,0.9714285714285714,0.9710144927536232,0.9714285714285714],"minPos":{"x":-30,"y":-34,"z":0},"maxPos":{"x":30,"y":34,"z":0}},"packable":true,"pixelsToUnit":100,"pivot":{"x":0.5,"y":0.5},"meshType":0}],[0],0,[0],[0],[18]],[[{"name":"sunflower22","rect":{"x":2,"y":0,"width":61,"height":70},"offset":{"x":-2,"y":0},"originalSize":{"width":69,"height":70},"rotated":false,"capInsets":[0,0,0,0],"vertices":{"rawPosition":[-30.5,-35,0,30.5,-35,0,-30.5,35,0,30.5,35,0],"indexes":[0,1,2,2,1,3],"uv":[2,70,63,70,2,0,63,0],"nuv":[0.028985507246376812,0,0.9130434782608695,0,0.028985507246376812,1,0.9130434782608695,1],"minPos":{"x":-30.5,"y":-35,"z":0},"maxPos":{"x":30.5,"y":35,"z":0}},"packable":true,"pixelsToUnit":100,"pivot":{"x":0.5,"y":0.5},"meshType":0}],[0],0,[0],[0],[19]]]]
