[1,["36JvusJ0pBI7AebPtWYfvT@6c48a"],["_textureSource"],["cc.SpriteFrame"],0,[{"name":"Jalapeno_2","rect":{"x":6,"y":5,"width":56,"height":82},"offset":{"x":0,"y":-1.5},"originalSize":{"width":68,"height":89},"rotated":false,"capInsets":[0,0,0,0],"vertices":{"rawPosition":[-28,-41,0,28,-41,0,-28,41,0,28,41,0],"indexes":[0,1,2,2,1,3],"uv":[6,84,62,84,6,2,62,2],"nuv":[0.08823529411764706,0.02247191011235955,0.9117647058823529,0.02247191011235955,0.08823529411764706,0.9438202247191011,0.9117647058823529,0.9438202247191011],"minPos":{"x":-28,"y":-41,"z":0},"maxPos":{"x":28,"y":41,"z":0}},"packable":true,"pixelsToUnit":100,"pivot":{"x":0.5,"y":0.5},"meshType":0}],[0],0,[0],[0],[0]]
