[1,["36m1V4h0lOIoWextb4xBvc@6c48a"],["_textureSource"],["cc.SpriteFrame"],0,[{"name":"zombiec4","rect":{"x":39,"y":77,"width":127,"height":67},"offset":{"x":19.5,"y":-38.5},"originalSize":{"width":166,"height":144},"rotated":false,"capInsets":[0,0,0,0],"vertices":{"rawPosition":[-63.5,-33.5,0,63.5,-33.5,0,-63.5,33.5,0,63.5,33.5,0],"indexes":[0,1,2,2,1,3],"uv":[39,67,166,67,39,0,166,0],"nuv":[0.23493975903614459,0,1,0,0.23493975903614459,0.4652777777777778,1,0.4652777777777778],"minPos":{"x":-63.5,"y":-33.5,"z":0},"maxPos":{"x":63.5,"y":33.5,"z":0}},"packable":true,"pixelsToUnit":100,"pivot":{"x":0.5,"y":0.5},"meshType":0}],[0],0,[0],[0],[0]]
