[1,["36ry1WSPlDb7j8mTN5tTqE@6c48a"],["_textureSource"],["cc.SpriteFrame"],0,[{"name":"WallNut_15","rect":{"x":1,"y":1,"width":61,"height":71},"offset":{"x":-1,"y":0},"originalSize":{"width":65,"height":73},"rotated":false,"capInsets":[0,0,0,0],"vertices":{"rawPosition":[-30.5,-35.5,0,30.5,-35.5,0,-30.5,35.5,0,30.5,35.5,0],"indexes":[0,1,2,2,1,3],"uv":[1,72,62,72,1,1,62,1],"nuv":[0.015384615384615385,0.0136986301369863,0.9538461538461539,0.0136986301369863,0.015384615384615385,0.9863013698630136,0.9538461538461539,0.9863013698630136],"minPos":{"x":-30.5,"y":-35.5,"z":0},"maxPos":{"x":30.5,"y":35.5,"z":0}},"packable":true,"pixelsToUnit":100,"pivot":{"x":0.5,"y":0.5},"meshType":0}],[0],0,[0],[0],[0]]
