[1,["2bV8+EujhCiq/dqFll8WsJ@6c48a"],["_textureSource"],["cc.SpriteFrame"],0,[{"name":"BucketheadZombieAttack_7","rect":{"x":50,"y":9,"width":85,"height":135},"offset":{"x":9.5,"y":-4.5},"originalSize":{"width":166,"height":144},"rotated":false,"capInsets":[0,0,0,0],"vertices":{"rawPosition":[-42.5,-67.5,0,42.5,-67.5,0,-42.5,67.5,0,42.5,67.5,0],"indexes":[0,1,2,2,1,3],"uv":[50,135,135,135,50,0,135,0],"nuv":[0.30120481927710846,0,0.8132530120481928,0,0.30120481927710846,0.9375,0.8132530120481928,0.9375],"minPos":{"x":-42.5,"y":-67.5,"z":0},"maxPos":{"x":42.5,"y":67.5,"z":0}},"packable":true,"pixelsToUnit":100,"pivot":{"x":0.5,"y":0.5},"meshType":0}],[0],0,[0],[0],[0]]
