[1,["2bgp83TStIObtnOzvTmBa3@6c48a"],["_textureSource"],["cc.SpriteFrame"],0,[{"name":"ConeheadZombie_9","rect":{"x":80,"y":1,"width":84,"height":142},"offset":{"x":39,"y":0},"originalSize":{"width":166,"height":144},"rotated":false,"capInsets":[0,0,0,0],"vertices":{"rawPosition":[-42,-71,0,42,-71,0,-42,71,0,42,71,0],"indexes":[0,1,2,2,1,3],"uv":[80,143,164,143,80,1,164,1],"nuv":[0.4819277108433735,0.006944444444444444,0.9879518072289156,0.006944444444444444,0.4819277108433735,0.9930555555555556,0.9879518072289156,0.9930555555555556],"minPos":{"x":-42,"y":-71,"z":0},"maxPos":{"x":42,"y":71,"z":0}},"packable":true,"pixelsToUnit":100,"pivot":{"x":0.5,"y":0.5},"meshType":0}],[0],0,[0],[0],[0]]
