[1,["2bop6vYVtBUJAs9FeMfQpB@6c48a"],["_textureSource"],["cc.SpriteFrame"],0,[{"name":"FlagZombieLostHead_2","rect":{"x":57,"y":3,"width":109,"height":139},"offset":{"x":28.5,"y":-0.5},"originalSize":{"width":166,"height":144},"rotated":false,"capInsets":[0,0,0,0],"vertices":{"rawPosition":[-54.5,-69.5,0,54.5,-69.5,0,-54.5,69.5,0,54.5,69.5,0],"indexes":[0,1,2,2,1,3],"uv":[57,141,166,141,57,2,166,2],"nuv":[0.3433734939759036,0.013888888888888888,1,0.013888888888888888,0.3433734939759036,0.9791666666666666,1,0.9791666666666666],"minPos":{"x":-54.5,"y":-69.5,"z":0},"maxPos":{"x":54.5,"y":69.5,"z":0}},"packable":true,"pixelsToUnit":100,"pivot":{"x":0.5,"y":0.5},"meshType":0}],[0],0,[0],[0],[0]]
