[1,["2b9D6+DspBTrIfFHjxjqwR@6c48a"],["_textureSource"],["cc.SpriteFrame"],0,[{"name":"BucketheadZombieAttack_8","rect":{"x":54,"y":8,"width":81,"height":136},"offset":{"x":11.5,"y":-4},"originalSize":{"width":166,"height":144},"rotated":false,"capInsets":[0,0,0,0],"vertices":{"rawPosition":[-40.5,-68,0,40.5,-68,0,-40.5,68,0,40.5,68,0],"indexes":[0,1,2,2,1,3],"uv":[54,136,135,136,54,0,135,0],"nuv":[0.3253012048192771,0,0.8132530120481928,0,0.3253012048192771,0.9444444444444444,0.8132530120481928,0.9444444444444444],"minPos":{"x":-40.5,"y":-68,"z":0},"maxPos":{"x":40.5,"y":68,"z":0}},"packable":true,"pixelsToUnit":100,"pivot":{"x":0.5,"y":0.5},"meshType":0}],[0],0,[0],[0],[0]]
