[1,["18SlzxO5pGqb4GILaIoahg@6c48a"],["_textureSource"],["cc.SpriteFrame"],0,[{"name":"ConeheadZombie_3","rect":{"x":82,"y":3,"width":72,"height":140},"offset":{"x":35,"y":-1},"originalSize":{"width":166,"height":144},"rotated":false,"capInsets":[0,0,0,0],"vertices":{"rawPosition":[-36,-70,0,36,-70,0,-36,70,0,36,70,0],"indexes":[0,1,2,2,1,3],"uv":[82,141,154,141,82,1,154,1],"nuv":[0.4939759036144578,0.006944444444444444,0.927710843373494,0.006944444444444444,0.4939759036144578,0.9791666666666666,0.927710843373494,0.9791666666666666],"minPos":{"x":-36,"y":-70,"z":0},"maxPos":{"x":36,"y":70,"z":0}},"packable":true,"pixelsToUnit":100,"pivot":{"x":0.5,"y":0.5},"meshType":0}],[0],0,[0],[0],[0]]
