[1,["18YdB6qLdBcpxdTByyADdG@6c48a"],["_textureSource"],["cc.SpriteFrame"],0,[{"name":"Wallnut_cracked1_7","rect":{"x":2,"y":2,"width":61,"height":71},"offset":{"x":0,"y":-1},"originalSize":{"width":65,"height":73},"rotated":false,"capInsets":[0,0,0,0],"vertices":{"rawPosition":[-30.5,-35.5,0,30.5,-35.5,0,-30.5,35.5,0,30.5,35.5,0],"indexes":[0,1,2,2,1,3],"uv":[2,71,63,71,2,0,63,0],"nuv":[0.03076923076923077,0,0.9692307692307692,0,0.03076923076923077,0.9726027397260274,0.9692307692307692,0.9726027397260274],"minPos":{"x":-30.5,"y":-35.5,"z":0},"maxPos":{"x":30.5,"y":35.5,"z":0}},"packable":true,"pixelsToUnit":100,"pivot":{"x":0.5,"y":0.5},"meshType":0}],[0],0,[0],[0],[0]]
