[1,["18kVm9+cVMC7nTLmeNsLvv@6c48a"],["_textureSource"],["cc.SpriteFrame"],0,[{"name":"card_bk","rect":{"x":0,"y":0,"width":50,"height":70},"offset":{"x":0,"y":0},"originalSize":{"width":50,"height":70},"rotated":false,"capInsets":[0,0,0,0],"vertices":{"rawPosition":[-25,-35,0,25,-35,0,-25,35,0,25,35,0],"indexes":[0,1,2,2,1,3],"uv":[0,70,50,70,0,0,50,0],"nuv":[0,0,1,0,0,1,1,1],"minPos":{"x":-25,"y":-35,"z":0},"maxPos":{"x":25,"y":35,"z":0}},"packable":true,"pixelsToUnit":100,"pivot":{"x":0.5,"y":0.5},"meshType":0}],[0],0,[0],[0],[0]]
