[1,["18uFuPFWhBFYvLeJozIH53@6c48a"],["_textureSource"],["cc.SpriteFrame"],0,[{"name":"FlagMeterFull","rect":{"x":0,"y":0,"width":157,"height":21},"offset":{"x":0,"y":0},"originalSize":{"width":157,"height":21},"rotated":false,"capInsets":[0,0,0,0],"vertices":{"rawPosition":[-78.5,-10.5,0,78.5,-10.5,0,-78.5,10.5,0,78.5,10.5,0],"indexes":[0,1,2,2,1,3],"uv":[0,21,157,21,0,0,157,0],"nuv":[0,0,1,0,0,1,1,1],"minPos":{"x":-78.5,"y":-10.5,"z":0},"maxPos":{"x":78.5,"y":10.5,"z":0}},"packable":true,"pixelsToUnit":100,"pivot":{"x":0.5,"y":0.5},"meshType":0}],[0],0,[0],[0],[0]]
