[1,["18/+pJijNJ+pqYG9KUnckG@6c48a"],["_textureSource"],["cc.SpriteFrame"],0,[{"name":"Zombie2_1","rect":{"x":71,"y":15,"width":62,"height":128},"offset":{"x":19,"y":-7},"originalSize":{"width":166,"height":144},"rotated":false,"capInsets":[0,0,0,0],"vertices":{"rawPosition":[-31,-64,0,31,-64,0,-31,64,0,31,64,0],"indexes":[0,1,2,2,1,3],"uv":[71,129,133,129,71,1,133,1],"nuv":[0.42771084337349397,0.006944444444444444,0.8012048192771084,0.006944444444444444,0.42771084337349397,0.8958333333333334,0.8012048192771084,0.8958333333333334],"minPos":{"x":-31,"y":-64,"z":0},"maxPos":{"x":31,"y":64,"z":0}},"packable":true,"pixelsToUnit":100,"pivot":{"x":0.5,"y":0.5},"meshType":0}],[0],0,[0],[0],[0]]
