[1,["421I9lY0hIS4p33YXFmAqH@6c48a"],["_textureSource"],["cc.SpriteFrame"],0,[{"name":"Torchwood_2","rect":{"x":1,"y":5,"width":70,"height":81},"offset":{"x":-0.5,"y":-2},"originalSize":{"width":73,"height":87},"rotated":false,"capInsets":[0,0,0,0],"vertices":{"rawPosition":[-35,-40.5,0,35,-40.5,0,-35,40.5,0,35,40.5,0],"indexes":[0,1,2,2,1,3],"uv":[1,82,71,82,1,1,71,1],"nuv":[0.0136986301369863,0.011494252873563218,0.9726027397260274,0.011494252873563218,0.0136986301369863,0.9425287356321839,0.9726027397260274,0.9425287356321839],"minPos":{"x":-35,"y":-40.5,"z":0},"maxPos":{"x":35,"y":40.5,"z":0}},"packable":true,"pixelsToUnit":100,"pivot":{"x":0.5,"y":0.5},"meshType":0}],[0],0,[0],[0],[0]]
