[1,["4eWRjgfZBAXIn+9jEzvvAh@6c48a"],["_textureSource"],["cc.SpriteFrame"],0,[{"name":"GloomShroomBullet_6","rect":{"x":0,"y":2,"width":206,"height":198},"offset":{"x":-2,"y":-1},"originalSize":{"width":210,"height":200},"rotated":false,"capInsets":[0,0,0,0],"vertices":{"rawPosition":[-103,-99,0,103,-99,0,-103,99,0,103,99,0],"indexes":[0,1,2,2,1,3],"uv":[0,198,206,198,0,0,206,0],"nuv":[0,0,0.9809523809523809,0,0,0.99,0.9809523809523809,0.99],"minPos":{"x":-103,"y":-99,"z":0},"maxPos":{"x":103,"y":99,"z":0}},"packable":true,"pixelsToUnit":100,"pivot":{"x":0.5,"y":0.5},"meshType":0}],[0],0,[0],[0],[0]]
