[1,["4e6GqJpSZKqIZVsfUokZ4k@6c48a"],["_textureSource"],["cc.SpriteFrame"],0,[{"name":"FireBullet","rect":{"x":0,"y":2,"width":54,"height":29},"offset":{"x":-1,"y":0.5},"originalSize":{"width":56,"height":34},"rotated":false,"capInsets":[0,0,0,0],"vertices":{"rawPosition":[-27,-14.5,0,27,-14.5,0,-27,14.5,0,27,14.5,0],"indexes":[0,1,2,2,1,3],"uv":[0,32,54,32,0,3,54,3],"nuv":[0,0.08823529411764706,0.9642857142857143,0.08823529411764706,0,0.9411764705882353,0.9642857142857143,0.9411764705882353],"minPos":{"x":-27,"y":-14.5,"z":0},"maxPos":{"x":27,"y":14.5,"z":0}},"packable":true,"pixelsToUnit":100,"pivot":{"x":0.5,"y":0.5},"meshType":0}],[0],0,[0],[0],[0]]
