[1,["4aum8JtpZLKY36yT31iMOD@6c48a"],["_textureSource"],["cc.SpriteFrame"],0,[{"name":"TallnutCracked1_2","rect":{"x":2,"y":0,"width":80,"height":119},"offset":{"x":0.5,"y":0},"originalSize":{"width":83,"height":119},"rotated":false,"capInsets":[0,0,0,0],"vertices":{"rawPosition":[-40,-59.5,0,40,-59.5,0,-40,59.5,0,40,59.5,0],"indexes":[0,1,2,2,1,3],"uv":[2,119,82,119,2,0,82,0],"nuv":[0.024096385542168676,0,0.9879518072289156,0,0.024096385542168676,1,0.9879518072289156,1],"minPos":{"x":-40,"y":-59.5,"z":0},"maxPos":{"x":40,"y":59.5,"z":0}},"packable":true,"pixelsToUnit":100,"pivot":{"x":0.5,"y":0.5},"meshType":0}],[0],0,[0],[0],[0]]
