[1,["4a8pyBMFNM44oqvk3VPgHs@6c48a"],["_textureSource"],["cc.SpriteFrame"],0,[{"name":"ConeheadZombieAttack_1","rect":{"x":79,"y":4,"width":87,"height":140},"offset":{"x":39.5,"y":-2},"originalSize":{"width":166,"height":144},"rotated":false,"capInsets":[0,0,0,0],"vertices":{"rawPosition":[-43.5,-70,0,43.5,-70,0,-43.5,70,0,43.5,70,0],"indexes":[0,1,2,2,1,3],"uv":[79,140,166,140,79,0,166,0],"nuv":[0.4759036144578313,0,1,0,0.4759036144578313,0.9722222222222222,1,0.9722222222222222],"minPos":{"x":-43.5,"y":-70,"z":0},"maxPos":{"x":43.5,"y":70,"z":0}},"packable":true,"pixelsToUnit":100,"pivot":{"x":0.5,"y":0.5},"meshType":0}],[0],0,[0],[0],[0]]
