[1,["52A089f5BHTqKPWEmEpkSl@6c48a"],["_textureSource"],["cc.SpriteFrame"],0,[{"name":"Wallnut_cracked2_4","rect":{"x":0,"y":8,"width":61,"height":65},"offset":{"x":-2,"y":-4},"originalSize":{"width":65,"height":73},"rotated":false,"capInsets":[0,0,0,0],"vertices":{"rawPosition":[-30.5,-32.5,0,30.5,-32.5,0,-30.5,32.5,0,30.5,32.5,0],"indexes":[0,1,2,2,1,3],"uv":[0,65,61,65,0,0,61,0],"nuv":[0,0,0.9384615384615385,0,0,0.8904109589041096,0.9384615384615385,0.8904109589041096],"minPos":{"x":-30.5,"y":-32.5,"z":0},"maxPos":{"x":30.5,"y":32.5,"z":0}},"packable":true,"pixelsToUnit":100,"pivot":{"x":0.5,"y":0.5},"meshType":0}],[0],0,[0],[0],[0]]
