[1,["52d8flYB5MOZkyqV7YKV2p@6c48a"],["_textureSource"],["cc.SpriteFrame"],0,[{"name":"FlagZombie_5","rect":{"x":56,"y":0,"width":95,"height":142},"offset":{"x":20.5,"y":1},"originalSize":{"width":166,"height":144},"rotated":false,"capInsets":[0,0,0,0],"vertices":{"rawPosition":[-47.5,-71,0,47.5,-71,0,-47.5,71,0,47.5,71,0],"indexes":[0,1,2,2,1,3],"uv":[56,144,151,144,56,2,151,2],"nuv":[0.3373493975903614,0.013888888888888888,0.9096385542168675,0.013888888888888888,0.3373493975903614,1,0.9096385542168675,1],"minPos":{"x":-47.5,"y":-71,"z":0},"maxPos":{"x":47.5,"y":71,"z":0}},"packable":true,"pixelsToUnit":100,"pivot":{"x":0.5,"y":0.5},"meshType":0}],[0],0,[0],[0],[0]]
