[1,["525kQhiZBJO71vm/BCTXHw@6c48a"],["_textureSource"],["cc.SpriteFrame"],0,[{"name":"GatlingPea_5","rect":{"x":2,"y":8,"width":75,"height":74},"offset":{"x":-4.5,"y":-3},"originalSize":{"width":88,"height":84},"rotated":false,"capInsets":[0,0,0,0],"vertices":{"rawPosition":[-37.5,-37,0,37.5,-37,0,-37.5,37,0,37.5,37,0],"indexes":[0,1,2,2,1,3],"uv":[2,76,77,76,2,2,77,2],"nuv":[0.022727272727272728,0.023809523809523808,0.875,0.023809523809523808,0.022727272727272728,0.9047619047619048,0.875,0.9047619047619048],"minPos":{"x":-37.5,"y":-37,"z":0},"maxPos":{"x":37.5,"y":37,"z":0}},"packable":true,"pixelsToUnit":100,"pivot":{"x":0.5,"y":0.5},"meshType":0}],[0],0,[0],[0],[0]]
