[1,["126ZJEQcJGXqCLEGeAjXp+@6c48a"],["_textureSource"],["cc.SpriteFrame"],0,[{"name":"GloomShroomBullet_8","rect":{"x":16,"y":23,"width":174,"height":165},"offset":{"x":-2,"y":-5.5},"originalSize":{"width":210,"height":200},"rotated":false,"capInsets":[0,0,0,0],"vertices":{"rawPosition":[-87,-82.5,0,87,-82.5,0,-87,82.5,0,87,82.5,0],"indexes":[0,1,2,2,1,3],"uv":[16,177,190,177,16,12,190,12],"nuv":[0.0761904761904762,0.06,0.9047619047619048,0.06,0.0761904761904762,0.885,0.9047619047619048,0.885],"minPos":{"x":-87,"y":-82.5,"z":0},"maxPos":{"x":87,"y":82.5,"z":0}},"packable":true,"pixelsToUnit":100,"pivot":{"x":0.5,"y":0.5},"meshType":0}],[0],0,[0],[0],[0]]
