[1,["47L1bjMthC7qhHIsSK9JoK@6c48a"],["_textureSource"],["cc.SpriteFrame"],0,[{"name":"BucketheadZombieAttack_6","rect":{"x":47,"y":10,"width":88,"height":134},"offset":{"x":8,"y":-5},"originalSize":{"width":166,"height":144},"rotated":false,"capInsets":[0,0,0,0],"vertices":{"rawPosition":[-44,-67,0,44,-67,0,-44,67,0,44,67,0],"indexes":[0,1,2,2,1,3],"uv":[47,134,135,134,47,0,135,0],"nuv":[0.28313253012048195,0,0.8132530120481928,0,0.28313253012048195,0.9305555555555556,0.8132530120481928,0.9305555555555556],"minPos":{"x":-44,"y":-67,"z":0},"maxPos":{"x":44,"y":67,"z":0}},"packable":true,"pixelsToUnit":100,"pivot":{"x":0.5,"y":0.5},"meshType":0}],[0],0,[0],[0],[0]]
