[1,["4faJMIrThG45zB3c1p86tu@6c48a"],["_textureSource"],["cc.SpriteFrame"],0,[{"name":"Squash_17","rect":{"x":17,"y":142,"width":67,"height":84},"offset":{"x":0.5,"y":-71},"originalSize":{"width":100,"height":226},"rotated":false,"capInsets":[0,0,0,0],"vertices":{"rawPosition":[-33.5,-42,0,33.5,-42,0,-33.5,42,0,33.5,42,0],"indexes":[0,1,2,2,1,3],"uv":[17,84,84,84,17,0,84,0],"nuv":[0.17,0,0.84,0,0.17,0.37168141592920356,0.84,0.37168141592920356],"minPos":{"x":-33.5,"y":-42,"z":0},"maxPos":{"x":33.5,"y":42,"z":0}},"packable":true,"pixelsToUnit":100,"pivot":{"x":0.5,"y":0.5},"meshType":0}],[0],0,[0],[0],[0]]
