[1,["4fjdwYOl9JE6dGitt0/MlY@6c48a"],["_textureSource"],["cc.SpriteFrame"],0,[{"name":"icon","rect":{"x":0,"y":0,"width":22,"height":23},"offset":{"x":0,"y":0},"originalSize":{"width":22,"height":23},"rotated":false,"capInsets":[0,0,0,0],"vertices":{"rawPosition":[-11,-11.5,0,11,-11.5,0,-11,11.5,0,11,11.5,0],"indexes":[0,1,2,2,1,3],"uv":[0,23,22,23,0,0,22,0],"nuv":[0,0,1,0,0,1,1,1],"minPos":{"x":-11,"y":-11.5,"z":0},"maxPos":{"x":11,"y":11.5,"z":0}},"packable":true,"pixelsToUnit":100,"pivot":{"x":0.5,"y":0.5},"meshType":0}],[0],0,[0],[0],[0]]
