[1,["3emkUsScJIUaYSFGPwb29K@6c48a"],["_textureSource"],["cc.SpriteFrame"],0,[{"name":"FlagZombie_2","rect":{"x":56,"y":3,"width":106,"height":139},"offset":{"x":26,"y":-0.5},"originalSize":{"width":166,"height":144},"rotated":false,"capInsets":[0,0,0,0],"vertices":{"rawPosition":[-53,-69.5,0,53,-69.5,0,-53,69.5,0,53,69.5,0],"indexes":[0,1,2,2,1,3],"uv":[56,141,162,141,56,2,162,2],"nuv":[0.3373493975903614,0.013888888888888888,0.9759036144578314,0.013888888888888888,0.3373493975903614,0.9791666666666666,0.9759036144578314,0.9791666666666666],"minPos":{"x":-53,"y":-69.5,"z":0},"maxPos":{"x":53,"y":69.5,"z":0}},"packable":true,"pixelsToUnit":100,"pivot":{"x":0.5,"y":0.5},"meshType":0}],[0],0,[0],[0],[0]]
