[1,["3ewfxbj4hCBZcqSkHcPUPU@6c48a"],["_textureSource"],["cc.SpriteFrame"],0,[{"name":"TallNut_8","rect":{"x":0,"y":3,"width":81,"height":116},"offset":{"x":-1,"y":-1.5},"originalSize":{"width":83,"height":119},"rotated":false,"capInsets":[0,0,0,0],"vertices":{"rawPosition":[-40.5,-58,0,40.5,-58,0,-40.5,58,0,40.5,58,0],"indexes":[0,1,2,2,1,3],"uv":[0,116,81,116,0,0,81,0],"nuv":[0,0,0.9759036144578314,0,0,0.9747899159663865,0.9759036144578314,0.9747899159663865],"minPos":{"x":-40.5,"y":-58,"z":0},"maxPos":{"x":40.5,"y":58,"z":0}},"packable":true,"pixelsToUnit":100,"pivot":{"x":0.5,"y":0.5},"meshType":0}],[0],0,[0],[0],[0]]
