[1,["3eyeibO6dI0oWuUpsQyI8o@6c48a"],["_textureSource"],["cc.SpriteFrame"],0,[{"name":"ConeheadZombie_2","rect":{"x":81,"y":4,"width":74,"height":139},"offset":{"x":35,"y":-1.5},"originalSize":{"width":166,"height":144},"rotated":false,"capInsets":[0,0,0,0],"vertices":{"rawPosition":[-37,-69.5,0,37,-69.5,0,-37,69.5,0,37,69.5,0],"indexes":[0,1,2,2,1,3],"uv":[81,140,155,140,81,1,155,1],"nuv":[0.4879518072289157,0.006944444444444444,0.9337349397590361,0.006944444444444444,0.4879518072289157,0.9722222222222222,0.9337349397590361,0.9722222222222222],"minPos":{"x":-37,"y":-69.5,"z":0},"maxPos":{"x":37,"y":69.5,"z":0}},"packable":true,"pixelsToUnit":100,"pivot":{"x":0.5,"y":0.5},"meshType":0}],[0],0,[0],[0],[0]]
