[1,["32exhd9cRObYXxcpHY33pu@6c48a"],["_textureSource"],["cc.SpriteFrame"],0,[{"name":"TallNut_11","rect":{"x":1,"y":0,"width":80,"height":119},"offset":{"x":-0.5,"y":0},"originalSize":{"width":83,"height":119},"rotated":false,"capInsets":[0,0,0,0],"vertices":{"rawPosition":[-40,-59.5,0,40,-59.5,0,-40,59.5,0,40,59.5,0],"indexes":[0,1,2,2,1,3],"uv":[1,119,81,119,1,0,81,0],"nuv":[0.012048192771084338,0,0.9759036144578314,0,0.012048192771084338,1,0.9759036144578314,1],"minPos":{"x":-40,"y":-59.5,"z":0},"maxPos":{"x":40,"y":59.5,"z":0}},"packable":true,"pixelsToUnit":100,"pivot":{"x":0.5,"y":0.5},"meshType":0}],[0],0,[0],[0],[0]]
