[1,["21Px/dtJZEwK2QVxxKTLfX@6c48a"],["_textureSource"],["cc.SpriteFrame"],0,[{"name":"GloomShroomBullet_4","rect":{"x":37,"y":38,"width":134,"height":131},"offset":{"x":-1,"y":-3.5},"originalSize":{"width":210,"height":200},"rotated":false,"capInsets":[0,0,0,0],"vertices":{"rawPosition":[-67,-65.5,0,67,-65.5,0,-67,65.5,0,67,65.5,0],"indexes":[0,1,2,2,1,3],"uv":[37,162,171,162,37,31,171,31],"nuv":[0.1761904761904762,0.155,0.8142857142857143,0.155,0.1761904761904762,0.81,0.8142857142857143,0.81],"minPos":{"x":-67,"y":-65.5,"z":0},"maxPos":{"x":67,"y":65.5,"z":0}},"packable":true,"pixelsToUnit":100,"pivot":{"x":0.5,"y":0.5},"meshType":0}],[0],0,[0],[0],[0]]
