[1,["21qsY9j+ZGCpPox94cP8Xl@6c48a"],["_textureSource"],["cc.SpriteFrame"],0,[{"name":"WallNut_8","rect":{"x":2,"y":0,"width":61,"height":72},"offset":{"x":0,"y":0.5},"originalSize":{"width":65,"height":73},"rotated":false,"capInsets":[0,0,0,0],"vertices":{"rawPosition":[-30.5,-36,0,30.5,-36,0,-30.5,36,0,30.5,36,0],"indexes":[0,1,2,2,1,3],"uv":[2,73,63,73,2,1,63,1],"nuv":[0.03076923076923077,0.0136986301369863,0.9692307692307692,0.0136986301369863,0.03076923076923077,1,0.9692307692307692,1],"minPos":{"x":-30.5,"y":-36,"z":0},"maxPos":{"x":30.5,"y":36,"z":0}},"packable":true,"pixelsToUnit":100,"pivot":{"x":0.5,"y":0.5},"meshType":0}],[0],0,[0],[0],[0]]
