[1,["1cOBXMFo1ML6pC8IXkgjsl@6c48a"],["_textureSource"],["cc.SpriteFrame"],0,[{"name":"FlagZombieAttack_3","rect":{"x":58,"y":0,"width":101,"height":143},"offset":{"x":25.5,"y":0.5},"originalSize":{"width":166,"height":144},"rotated":false,"capInsets":[0,0,0,0],"vertices":{"rawPosition":[-50.5,-71.5,0,50.5,-71.5,0,-50.5,71.5,0,50.5,71.5,0],"indexes":[0,1,2,2,1,3],"uv":[58,144,159,144,58,1,159,1],"nuv":[0.3493975903614458,0.006944444444444444,0.9578313253012049,0.006944444444444444,0.3493975903614458,1,0.9578313253012049,1],"minPos":{"x":-50.5,"y":-71.5,"z":0},"maxPos":{"x":50.5,"y":71.5,"z":0}},"packable":true,"pixelsToUnit":100,"pivot":{"x":0.5,"y":0.5},"meshType":0}],[0],0,[0],[0],[0]]
