[1,["1cv5bJBW5AvaBccJqAR+PR@6c48a"],["_textureSource"],["cc.SpriteFrame"],0,[{"name":"Squash_11","rect":{"x":15,"y":145,"width":71,"height":81},"offset":{"x":0.5,"y":-72.5},"originalSize":{"width":100,"height":226},"rotated":false,"capInsets":[0,0,0,0],"vertices":{"rawPosition":[-35.5,-40.5,0,35.5,-40.5,0,-35.5,40.5,0,35.5,40.5,0],"indexes":[0,1,2,2,1,3],"uv":[15,81,86,81,15,0,86,0],"nuv":[0.15,0,0.86,0,0.15,0.3584070796460177,0.86,0.3584070796460177],"minPos":{"x":-35.5,"y":-40.5,"z":0},"maxPos":{"x":35.5,"y":40.5,"z":0}},"packable":true,"pixelsToUnit":100,"pivot":{"x":0.5,"y":0.5},"meshType":0}],[0],0,[0],[0],[0]]
