[1,["444tud41NNIrn6DFAZPmyb@6c48a"],["_textureSource"],["cc.SpriteFrame"],0,[{"name":"SelectorScreen_WoodSign2_32-0","rect":{"x":0,"y":0,"width":290,"height":70},"offset":{"x":-0.5,"y":0.5},"originalSize":{"width":291,"height":71},"rotated":false,"capInsets":[0,0,0,0],"vertices":{"rawPosition":[-145,-35,0,145,-35,0,-145,35,0,145,35,0],"indexes":[0,1,2,2,1,3],"uv":[0,71,290,71,0,1,290,1],"nuv":[0,0.014084507042253521,0.9965635738831615,0.014084507042253521,0,1,0.9965635738831615,1],"minPos":{"x":-145,"y":-35,"z":0},"maxPos":{"x":145,"y":35,"z":0}},"packable":true,"pixelsToUnit":100,"pivot":{"x":0.5,"y":0.5},"meshType":0}],[0],0,[0],[0],[0]]
