[1,["19Y7CtGzFJaq/HyhRyw1o0@6c48a"],["_textureSource"],["cc.SpriteFrame"],0,[{"name":"Jalapeno_5","rect":{"x":2,"y":3,"width":62,"height":86},"offset":{"x":-1,"y":-1.5},"originalSize":{"width":68,"height":89},"rotated":false,"capInsets":[0,0,0,0],"vertices":{"rawPosition":[-31,-43,0,31,-43,0,-31,43,0,31,43,0],"indexes":[0,1,2,2,1,3],"uv":[2,86,64,86,2,0,64,0],"nuv":[0.029411764705882353,0,0.9411764705882353,0,0.029411764705882353,0.9662921348314607,0.9411764705882353,0.9662921348314607],"minPos":{"x":-31,"y":-43,"z":0},"maxPos":{"x":31,"y":43,"z":0}},"packable":true,"pixelsToUnit":100,"pivot":{"x":0.5,"y":0.5},"meshType":0}],[0],0,[0],[0],[0]]
