[1,["0dOSuwXxlAGIgbIb3ykCfK@6c48a","0dOSuwXxlAGIgbIb3ykCfK@f9941"],["node","_textureSource","root","data","_spriteFrame"],["cc.SpriteFrame",["cc.Prefab",["_name"],2],["cc.Node",["_name","_layer","_components","_prefab","_lpos"],1,9,4,5],["cc.UITransform",["node","__prefab","_contentSize"],3,1,4,5],["cc.CompPrefabInfo",["fileId"],2],["cc.Sprite",["node","__prefab","_spriteFrame"],3,1,4,6],["cc.PrefabInfo",["fileId","instance","targetOverrides","nestedPrefabInstanceRoots","root","asset"],-1,1,1]],[[4,0,2],[1,0,2],[2,0,1,2,3,4,3],[3,0,1,2,1],[5,0,1,2,1],[6,0,1,2,3,4,5,5]],[[[{"name":"Zombie_1","rect":{"x":63,"y":22,"width":85,"height":120},"offset":{"x":22.5,"y":-10},"originalSize":{"width":166,"height":144},"rotated":false,"capInsets":[0,0,0,0],"vertices":{"rawPosition":[-42.5,-60,0,42.5,-60,0,-42.5,60,0,42.5,60,0],"indexes":[0,1,2,2,1,3],"uv":[63,122,148,122,63,2,148,2],"nuv":[0.3795180722891566,0.013888888888888888,0.891566265060241,0.013888888888888888,0.3795180722891566,0.8472222222222222,0.891566265060241,0.8472222222222222],"minPos":{"x":-42.5,"y":-60,"z":0},"maxPos":{"x":42.5,"y":60,"z":0}},"packable":true,"pixelsToUnit":100,"pivot":{"x":0.5,"y":0.5},"meshType":0}],[0],0,[0],[1],[0]],[[[1,"Zombie_show"],[2,"Zombie_show",33554432,[[3,-2,[0,"e4pGA+Q6pNqbc3z1JoHAU7"],[5,85,120]],[4,-3,[0,"54LZNZNUxNjpqnXSxduUQv"],0]],[5,"a18zu+mJtDf6qNAch9AQGw",null,null,null,-1,0],[1,620.875,0,0]]],0,[0,2,1,0,0,1,0,0,1,0,3,1,3],[0],[4],[1]]]]
