[1,["08x3l+b0dEOYv7cbO6oHLu@6c48a"],["_textureSource"],["cc.SpriteFrame"],0,[{"name":"SunFlower_6","rect":{"x":9,"y":6,"width":63,"height":68},"offset":{"x":4,"y":-3},"originalSize":{"width":73,"height":74},"rotated":false,"capInsets":[0,0,0,0],"vertices":{"rawPosition":[-31.5,-34,0,31.5,-34,0,-31.5,34,0,31.5,34,0],"indexes":[0,1,2,2,1,3],"uv":[9,68,72,68,9,0,72,0],"nuv":[0.1232876712328767,0,0.9863013698630136,0,0.1232876712328767,0.918918918918919,0.9863013698630136,0.918918918918919],"minPos":{"x":-31.5,"y":-34,"z":0},"maxPos":{"x":31.5,"y":34,"z":0}},"packable":true,"pixelsToUnit":100,"pivot":{"x":0.5,"y":0.5},"meshType":0}],[0],0,[0],[0],[0]]
