[1,["2dyvstmbBNLYfly0xzQBQG@6c48a"],["_textureSource"],["cc.SpriteFrame"],0,[{"name":"brain","rect":{"x":1,"y":1,"width":30,"height":28},"offset":{"x":0,"y":0.5},"originalSize":{"width":32,"height":31},"rotated":false,"capInsets":[0,0,0,0],"vertices":{"rawPosition":[-15,-14,0,15,-14,0,-15,14,0,15,14,0],"indexes":[0,1,2,2,1,3],"uv":[1,30,31,30,1,2,31,2],"nuv":[0.03125,0.06451612903225806,0.96875,0.06451612903225806,0.03125,0.967741935483871,0.96875,0.967741935483871],"minPos":{"x":-15,"y":-14,"z":0},"maxPos":{"x":15,"y":14,"z":0}},"packable":true,"pixelsToUnit":100,"pivot":{"x":0.5,"y":0.5},"meshType":0}],[0],0,[0],[0],[0]]
