[1,["1eBOHbYfxO4pfEKdzBqr8k@6c48a"],["_textureSource"],["cc.SpriteFrame"],0,[{"name":"BucketheadZombie_9","rect":{"x":64,"y":4,"width":79,"height":139},"offset":{"x":20.5,"y":-1.5},"originalSize":{"width":166,"height":144},"rotated":false,"capInsets":[0,0,0,0],"vertices":{"rawPosition":[-39.5,-69.5,0,39.5,-69.5,0,-39.5,69.5,0,39.5,69.5,0],"indexes":[0,1,2,2,1,3],"uv":[64,140,143,140,64,1,143,1],"nuv":[0.3855421686746988,0.006944444444444444,0.8614457831325302,0.006944444444444444,0.3855421686746988,0.9722222222222222,0.8614457831325302,0.9722222222222222],"minPos":{"x":-39.5,"y":-69.5,"z":0},"maxPos":{"x":39.5,"y":69.5,"z":0}},"packable":true,"pixelsToUnit":100,"pivot":{"x":0.5,"y":0.5},"meshType":0}],[0],0,[0],[0],[0]]
