[1,["1eUocr2+pIhYCY3dCB/HqO@6c48a"],["_textureSource"],["cc.SpriteFrame"],0,[{"name":"ConeheadZombie_6","rect":{"x":82,"y":0,"width":71,"height":143},"offset":{"x":34.5,"y":0.5},"originalSize":{"width":166,"height":144},"rotated":false,"capInsets":[0,0,0,0],"vertices":{"rawPosition":[-35.5,-71.5,0,35.5,-71.5,0,-35.5,71.5,0,35.5,71.5,0],"indexes":[0,1,2,2,1,3],"uv":[82,144,153,144,82,1,153,1],"nuv":[0.4939759036144578,0.006944444444444444,0.9216867469879518,0.006944444444444444,0.4939759036144578,1,0.9216867469879518,1],"minPos":{"x":-35.5,"y":-71.5,"z":0},"maxPos":{"x":35.5,"y":71.5,"z":0}},"packable":true,"pixelsToUnit":100,"pivot":{"x":0.5,"y":0.5},"meshType":0}],[0],0,[0],[0],[0]]
