[1,["22adyVX3xGca/FOIZDHnqq","b1Dx3y2OtKtJwguyVPbTB4@f9941","6bGzDekVVILLDz7YFKULp+@6c48a","6bGzDekVVILLDz7YFKULp+@f9941","2be/p/V5dJB6BMPLOGsGBN","51oltBlD5E4bWjqYpaeRjd"],["node","root","data","_spriteFrame","_defaultClip","_textureSource","_graph","Sun"],[["cc.Node",["_name","_layer","_components","_prefab","_lscale"],1,9,4,5],["cc.Sprite",["_isTrimmedMode","node","__prefab","_spriteFrame","_color"],2,1,4,6,5],"cc.SpriteFrame",["cc.Prefab",["_name"],2],["cc.UITransform",["node","__prefab","_contentSize"],3,1,4,5],["cc.CompPrefabInfo",["fileId"],2],["cc.Animation",["playOnLoad","node","__prefab","_clips","_defaultClip"],2,1,4,3,6],["928c7d9xotMmp901Shm6SeS",["sunNum","node","__prefab"],2,1,4],["cc.PrefabInfo",["fileId","instance","targetOverrides","nestedPrefabInstanceRoots","root","asset"],-1,1,1],["cc.animation.AnimationController",["node","__prefab","_graph"],3,1,4,6],["d7b08DaOYdFFbnOr3xlFhz+",["produceDuration","node","__prefab","Sun"],2,1,4,6],["cc.BoxCollider2D",["_group","node","__prefab","_size"],2,1,4,5],["cc.RigidBody2D",["enabledContactListener","_group","_allowSleep","_gravityScale","node","__prefab"],-1,1,4]],[[5,0,2],[3,0,2],[4,0,1,2,1],[8,0,1,2,3,4,5,5],[0,0,2,3,2],[0,0,1,2,3,4,3],[1,1,2,3,1],[1,0,1,2,4,3,2],[6,0,1,2,3,4,2],[7,0,1,2,2],[9,0,1,2,1],[10,0,1,2,3,2],[11,0,1,2,3,2],[12,0,1,2,3,4,5,5]],[[[[1,"Sun_1"],[4,"Sun_1",[[2,-2,[0,"0fr4iLEN5Iqr2hHGSznCil"],[5,66,65]],[6,-3,[0,"81nVX0iJtG2YwTmKJ1nqnH"],0],[8,true,-4,[0,"66qaR1KfVKDLSncFJx5rh9"],[1],2],[9,50,-5,[0,"5eCOHsnXhCjr7jsUktsWIn"]]],[3,"00PJeII/9Ho6ncfAIIk8K4",null,null,null,-1,0]]],0,[0,1,1,0,0,1,0,0,1,0,0,1,0,0,1,0,2,1,5],[0,0,0],[3,-1,4],[1,0,0]],[[{"name":"SunFlower_1","rect":{"x":3,"y":2,"width":63,"height":72},"offset":{"x":-2,"y":-1},"originalSize":{"width":73,"height":74},"rotated":false,"capInsets":[0,0,0,0],"vertices":{"rawPosition":[-31.5,-36,0,31.5,-36,0,-31.5,36,0,31.5,36,0],"indexes":[0,1,2,2,1,3],"uv":[3,72,66,72,3,0,66,0],"nuv":[0.0410958904109589,0,0.9041095890410958,0,0.0410958904109589,0.972972972972973,0.9041095890410958,0.972972972972973],"minPos":{"x":-31.5,"y":-36,"z":0},"maxPos":{"x":31.5,"y":36,"z":0}},"packable":true,"pixelsToUnit":100,"pivot":{"x":0.5,"y":0.5},"meshType":0}],[2],0,[0],[5],[2]],[[[1,"SunFlower_1"],[5,"SunFlower_1",33554432,[[2,-2,[0,"93DsnhSMdK/pjlKJeBLOtF"],[5,63,72]],[7,false,-3,[0,"bcAV+uHYZHI7l6aUdGlIwB"],[4,4287203729],0],[10,-4,[0,"79fnj5TsRG+pZQPMjh+8O6"],1],[11,5,-5,[0,"1e91zalS9ClLSzxhDRKjqX"],2],[12,2,-6,[0,"64YatByS9G/aROZHT8o6V3"],[5,63,72]],[13,true,2,false,0,-7,[0,"bcCo0H00tK5LZxRR9MzLE6"]]],[3,"11WqsevMJMWphWS0tM8UMX",null,null,null,-1,0],[1,1.8,1.8,1]]],0,[0,1,1,0,0,1,0,0,1,0,0,1,0,0,1,0,0,1,0,0,1,0,2,1,7],[0,0,0],[3,6,7],[3,4,5]]]]
