[1,["49df0nJZ9KCpiDbNO+E6oU@6c48a"],["_textureSource"],["cc.SpriteFrame"],0,[{"name":"BucketheadZombieAttack_10","rect":{"x":48,"y":11,"width":87,"height":132},"offset":{"x":8.5,"y":-5},"originalSize":{"width":166,"height":144},"rotated":false,"capInsets":[0,0,0,0],"vertices":{"rawPosition":[-43.5,-66,0,43.5,-66,0,-43.5,66,0,43.5,66,0],"indexes":[0,1,2,2,1,3],"uv":[48,133,135,133,48,1,135,1],"nuv":[0.2891566265060241,0.006944444444444444,0.8132530120481928,0.006944444444444444,0.2891566265060241,0.9236111111111112,0.8132530120481928,0.9236111111111112],"minPos":{"x":-43.5,"y":-66,"z":0},"maxPos":{"x":43.5,"y":66,"z":0}},"packable":true,"pixelsToUnit":100,"pivot":{"x":0.5,"y":0.5},"meshType":0}],[0],0,[0],[0],[0]]
