[1,["49mkjJhCpNhqoYHf0TcJ63@6c48a"],["_textureSource"],["cc.SpriteFrame"],0,[{"name":"ConeheadZombieAttack_10","rect":{"x":85,"y":1,"width":81,"height":143},"offset":{"x":42.5,"y":-0.5},"originalSize":{"width":166,"height":144},"rotated":false,"capInsets":[0,0,0,0],"vertices":{"rawPosition":[-40.5,-71.5,0,40.5,-71.5,0,-40.5,71.5,0,40.5,71.5,0],"indexes":[0,1,2,2,1,3],"uv":[85,143,166,143,85,0,166,0],"nuv":[0.5120481927710844,0,1,0,0.5120481927710844,0.9930555555555556,1,0.9930555555555556],"minPos":{"x":-40.5,"y":-71.5,"z":0},"maxPos":{"x":40.5,"y":71.5,"z":0}},"packable":true,"pixelsToUnit":100,"pivot":{"x":0.5,"y":0.5},"meshType":0}],[0],0,[0],[0],[0]]
