[1,["00E0uhvAxPz6zu06TAFVa/@6c48a"],["_textureSource"],["cc.SpriteFrame"],0,[{"name":"btn_survival","rect":{"x":0,"y":0,"width":313,"height":131},"offset":{"x":0,"y":0},"originalSize":{"width":313,"height":131},"rotated":false,"capInsets":[0,0,0,0],"vertices":{"rawPosition":[-156.5,-65.5,0,156.5,-65.5,0,-156.5,65.5,0,156.5,65.5,0],"indexes":[0,1,2,2,1,3],"uv":[0,131,313,131,0,0,313,0],"nuv":[0,0,1,0,0,1,1,1],"minPos":{"x":-156.5,"y":-65.5,"z":0},"maxPos":{"x":156.5,"y":65.5,"z":0}},"packable":true,"pixelsToUnit":100,"pivot":{"x":0.5,"y":0.5},"meshType":0}],[0],0,[0],[0],[0]]
