[1,["00tzwaUBdGp4EUVCWrf1xY@6c48a"],["_textureSource"],["cc.SpriteFrame"],0,[{"name":"SunFlower_16","rect":{"x":0,"y":6,"width":63,"height":67},"offset":{"x":-5,"y":-2.5},"originalSize":{"width":73,"height":74},"rotated":false,"capInsets":[0,0,0,0],"vertices":{"rawPosition":[-31.5,-33.5,0,31.5,-33.5,0,-31.5,33.5,0,31.5,33.5,0],"indexes":[0,1,2,2,1,3],"uv":[0,68,63,68,0,1,63,1],"nuv":[0,0.013513513513513514,0.863013698630137,0.013513513513513514,0,0.918918918918919,0.863013698630137,0.918918918918919],"minPos":{"x":-31.5,"y":-33.5,"z":0},"maxPos":{"x":31.5,"y":33.5,"z":0}},"packable":true,"pixelsToUnit":100,"pivot":{"x":0.5,"y":0.5},"meshType":0}],[0],0,[0],[0],[0]]
