[1,["2adsnUeVBFi4StXiAh05/S@6c48a"],["_textureSource"],["cc.SpriteFrame"],0,[{"name":"zombiec3","rect":{"x":36,"y":81,"width":127,"height":63},"offset":{"x":16.5,"y":-40.5},"originalSize":{"width":166,"height":144},"rotated":false,"capInsets":[0,0,0,0],"vertices":{"rawPosition":[-63.5,-31.5,0,63.5,-31.5,0,-63.5,31.5,0,63.5,31.5,0],"indexes":[0,1,2,2,1,3],"uv":[36,63,163,63,36,0,163,0],"nuv":[0.21686746987951808,0,0.9819277108433735,0,0.21686746987951808,0.4375,0.9819277108433735,0.4375],"minPos":{"x":-63.5,"y":-31.5,"z":0},"maxPos":{"x":63.5,"y":31.5,"z":0}},"packable":true,"pixelsToUnit":100,"pivot":{"x":0.5,"y":0.5},"meshType":0}],[0],0,[0],[0],[0]]
