[1,["2atImsUE9Moq9wLZQ186zr@6c48a"],["_textureSource"],["cc.SpriteFrame"],0,[{"name":"TallnutCracked2_1","rect":{"x":0,"y":5,"width":81,"height":114},"offset":{"x":-1,"y":-2.5},"originalSize":{"width":83,"height":119},"rotated":false,"capInsets":[0,0,0,0],"vertices":{"rawPosition":[-40.5,-57,0,40.5,-57,0,-40.5,57,0,40.5,57,0],"indexes":[0,1,2,2,1,3],"uv":[0,114,81,114,0,0,81,0],"nuv":[0,0,0.9759036144578314,0,0,0.957983193277311,0.9759036144578314,0.957983193277311],"minPos":{"x":-40.5,"y":-57,"z":0},"maxPos":{"x":40.5,"y":57,"z":0}},"packable":true,"pixelsToUnit":100,"pivot":{"x":0.5,"y":0.5},"meshType":0}],[0],0,[0],[0],[0]]
