[1,["16BUbaObFBvbfQYxCpJLcS@6c48a"],["_textureSource"],["cc.SpriteFrame"],0,[{"name":"Squash_16","rect":{"x":17,"y":143,"width":68,"height":83},"offset":{"x":1,"y":-71.5},"originalSize":{"width":100,"height":226},"rotated":false,"capInsets":[0,0,0,0],"vertices":{"rawPosition":[-34,-41.5,0,34,-41.5,0,-34,41.5,0,34,41.5,0],"indexes":[0,1,2,2,1,3],"uv":[17,83,85,83,17,0,85,0],"nuv":[0.17,0,0.85,0,0.17,0.3672566371681416,0.85,0.3672566371681416],"minPos":{"x":-34,"y":-41.5,"z":0},"maxPos":{"x":34,"y":41.5,"z":0}},"packable":true,"pixelsToUnit":100,"pivot":{"x":0.5,"y":0.5},"meshType":0}],[0],0,[0],[0],[0]]
