[1,["45dDsO4odHwYkzmO1y9Q+5@6c48a"],["_textureSource"],["cc.SpriteFrame"],0,[{"name":"BucketheadZombie_4","rect":{"x":52,"y":10,"width":77,"height":134},"offset":{"x":7.5,"y":-5},"originalSize":{"width":166,"height":144},"rotated":false,"capInsets":[0,0,0,0],"vertices":{"rawPosition":[-38.5,-67,0,38.5,-67,0,-38.5,67,0,38.5,67,0],"indexes":[0,1,2,2,1,3],"uv":[52,134,129,134,52,0,129,0],"nuv":[0.3132530120481928,0,0.7771084337349398,0,0.3132530120481928,0.9305555555555556,0.7771084337349398,0.9305555555555556],"minPos":{"x":-38.5,"y":-67,"z":0},"maxPos":{"x":38.5,"y":67,"z":0}},"packable":true,"pixelsToUnit":100,"pivot":{"x":0.5,"y":0.5},"meshType":0}],[0],0,[0],[0],[0]]
