[1,["45iNomEsRF7YJhKrPRNh+Z@6c48a"],["_textureSource"],["cc.SpriteFrame"],0,[{"name":"shovel","rect":{"x":0,"y":0,"width":76,"height":34},"offset":{"x":0,"y":0},"originalSize":{"width":76,"height":34},"rotated":false,"capInsets":[0,0,0,0],"vertices":{"rawPosition":[-38,-17,0,38,-17,0,-38,17,0,38,17,0],"indexes":[0,1,2,2,1,3],"uv":[0,34,76,34,0,0,76,0],"nuv":[0,0,1,0,0,1,1,1],"minPos":{"x":-38,"y":-17,"z":0},"maxPos":{"x":38,"y":17,"z":0}},"packable":true,"pixelsToUnit":100,"pivot":{"x":0.5,"y":0.5},"meshType":0}],[0],0,[0],[0],[0]]
