[1,["450SmgeAtBnqQPtA8ON/JL@6c48a"],["_textureSource"],["cc.SpriteFrame"],0,[{"name":"BucketheadZombie_2","rect":{"x":63,"y":6,"width":73,"height":138},"offset":{"x":16.5,"y":-3},"originalSize":{"width":166,"height":144},"rotated":false,"capInsets":[0,0,0,0],"vertices":{"rawPosition":[-36.5,-69,0,36.5,-69,0,-36.5,69,0,36.5,69,0],"indexes":[0,1,2,2,1,3],"uv":[63,138,136,138,63,0,136,0],"nuv":[0.3795180722891566,0,0.8192771084337349,0,0.3795180722891566,0.9583333333333334,0.8192771084337349,0.9583333333333334],"minPos":{"x":-36.5,"y":-69,"z":0},"maxPos":{"x":36.5,"y":69,"z":0}},"packable":true,"pixelsToUnit":100,"pivot":{"x":0.5,"y":0.5},"meshType":0}],[0],0,[0],[0],[0]]
