[1,["10A48dIndMgZ75PJsz+zla@6c48a"],["_textureSource"],["cc.SpriteFrame"],0,[{"name":"help_paper","rect":{"x":1,"y":0,"width":613,"height":399},"offset":{"x":0.5,"y":0},"originalSize":{"width":614,"height":399},"rotated":false,"capInsets":[0,0,0,0],"vertices":{"rawPosition":[-306.5,-199.5,0,306.5,-199.5,0,-306.5,199.5,0,306.5,199.5,0],"indexes":[0,1,2,2,1,3],"uv":[1,399,614,399,1,0,614,0],"nuv":[0.0016286644951140066,0,1,0,0.0016286644951140066,1,1,1],"minPos":{"x":-306.5,"y":-199.5,"z":0},"maxPos":{"x":306.5,"y":199.5,"z":0}},"packable":true,"pixelsToUnit":100,"pivot":{"x":0.5,"y":0.5},"meshType":0}],[0],0,[0],[0],[0]]
