[1,["102wEIIzhHr7uKhoUD1VHT@6c48a"],["_textureSource"],["cc.SpriteFrame"],0,[{"name":"options_sliderknob2","rect":{"x":0,"y":0,"width":22,"height":29},"offset":{"x":0,"y":0},"originalSize":{"width":22,"height":29},"rotated":false,"capInsets":[0,0,0,0],"vertices":{"rawPosition":[-11,-14.5,0,11,-14.5,0,-11,14.5,0,11,14.5,0],"indexes":[0,1,2,2,1,3],"uv":[0,29,22,29,0,0,22,0],"nuv":[0,0,1,0,0,1,1,1],"minPos":{"x":-11,"y":-14.5,"z":0},"maxPos":{"x":11,"y":14.5,"z":0}},"packable":true,"pixelsToUnit":100,"pivot":{"x":0.5,"y":0.5},"meshType":0}],[0],0,[0],[0],[0]]
